-- MySQL dump 10.13  Distrib 8.0.30, for macos12 (x86_64)
--
-- Host: localhost    Database: vote
-- ------------------------------------------------------
-- Server version	8.0.27

/*!40101 SET @OLD_CHARACTER_SET_CLIENT=@@CHARACTER_SET_CLIENT */;
/*!40101 SET @OLD_CHARACTER_SET_RESULTS=@@CHARACTER_SET_RESULTS */;
/*!40101 SET @OLD_COLLATION_CONNECTION=@@COLLATION_CONNECTION */;
/*!50503 SET NAMES utf8 */;
/*!40103 SET @OLD_TIME_ZONE=@@TIME_ZONE */;
/*!40103 SET TIME_ZONE='+00:00' */;
/*!40014 SET @OLD_UNIQUE_CHECKS=@@UNIQUE_CHECKS, UNIQUE_CHECKS=0 */;
/*!40014 SET @OLD_FOREIGN_KEY_CHECKS=@@FOREIGN_KEY_CHECKS, FOREIGN_KEY_CHECKS=0 */;
/*!40101 SET @OLD_SQL_MODE=@@SQL_MODE, SQL_MODE='NO_AUTO_VALUE_ON_ZERO' */;
/*!40111 SET @OLD_SQL_NOTES=@@SQL_NOTES, SQL_NOTES=0 */;

--
-- Table structure for table `candidates`
--

DROP TABLE IF EXISTS `candidates`;
/*!40101 SET @saved_cs_client     = @@character_set_client */;
/*!50503 SET character_set_client = utf8mb4 */;
CREATE TABLE `candidates` (
  `id` bigint unsigned NOT NULL AUTO_INCREMENT,
  `created_at` datetime(3) DEFAULT NULL,
  `updated_at` datetime(3) DEFAULT NULL,
  `deleted_at` datetime(3) DEFAULT NULL,
  `name` longtext,
  `team` longtext,
  `votes` bigint DEFAULT NULL,
  `unopposed` tinyint(1) DEFAULT NULL,
  `county_id` bigint unsigned DEFAULT NULL,
  `form` longtext,
  PRIMARY KEY (`id`),
  KEY `idx_candidates_deleted_at` (`deleted_at`),
  KEY `fk_counties_candidates` (`county_id`),
  CONSTRAINT `fk_counties_candidates` FOREIGN KEY (`county_id`) REFERENCES `counties` (`id`)
) ENGINE=InnoDB AUTO_INCREMENT=97 DEFAULT CHARSET=utf8mb4 COLLATE=utf8mb4_0900_ai_ci;
/*!40101 SET character_set_client = @saved_cs_client */;

--
-- Dumping data for table `candidates`
--

LOCK TABLES `candidates` WRITE;
/*!40000 ALTER TABLE `candidates` DISABLE KEYS */;
INSERT INTO `candidates` VALUES (1,'2024-11-09 02:49:38.792','2024-11-13 09:11:20.593',NULL,'Danson Ng\'anga','G',0,0,1,'data:image/png;base64,iVBORw0KGgoAAAANSUhEUgAAAUAAAAFACAYAAADNkKWqAAAYgGlDQ1BJQ0MgUHJvZmlsZQAAWIWVeQVYVM/X/9xNdlmW7u6S7u7uToEFlu4OgxIJlRBQBFRQQVDBIkRURBBRRFABA5EwKBVUEATkvYR+vz9//+f/Pu88z9z57Jkz58ycM3PPnL0AsI+QIiJCEDQAhIbFRNka6fI4u7jyYKcABeACOMAJ8CSf6Agda2tzAJff7X+WpSEAbbbPJDZl/Xf//7fQ+ZKjfQCA3GHs7RvtEwrjdgBQ5T4RUTEAYDbp/PExEZs4BcYMUfAEYVy0if238flN7L2N27Z47G31YNwPAAWBRIryB4A4AtN54nz8YTnENbiPLsw3MAwARnjlGE2fAJIvAOzWMM+u0NDwTbwHxiIwfwSMz8JY2ftfMv3/Q773H/kkkv8fvL2urUKhHxgdEUJK/D+a5n8voSGxv3UIwZUQEGVsu7l+2IYvgsPNNjEBxnNh3pZWm7aG8XKg77bdAUDgA2KNHbb5ERw+0Xqw/QATjKV9SfpmMOaAsWFYiKX5Dt3bL9DQBMawzRAJgTEm9jBmgXEWOdrAbofndFS47Y4uRJNflJ7ODv0BKWpL76au0dhgB50d+V8DyCY78pHEpAB7JxjjYSwQF+hoCWMijCWjg+3MdnjUkwL0LH/zRMXabs5fAMa25DAj3W35yDi/KEPbHf6c0Ojf60WeDgg0sdzBV2MC7I237YPs9CFtzR9eC7KfHKbj8FsOOdrZ/PdafMn6BttrR06RwxzsduQsR8To2m6PReEjQqx3+FF85BCjTTofjOWj4+x2xqIcY+DNuS0f5RcRY22/PU9UUhDJ1Hp7Pqh8YA70gD7gAbFw9QbhIAgE9s01z8G/tnsMAQlEAX9ABhI7lN8jnLZ6wuCnHUgCn2BEBtF/xulu9ZJBHExf/0PdfkoAv63euK0RweADjEOBGQiBf8dujQr7o80RvIMpgf+lnQRXH3i+IXDd7P9/039T/6HowBTzHUrsb4081L85MQYYfYwxxhAjimJDaaLUUObwUxuusihllMrvdfzDj/6AHkBPoAfRY+iXnoFpUX/N0gKMwfINd2zh/W9boIRgmQooXZQGLB2WjGJCsQEJlDysRwelBWtWgKl6O/PetArPX7L/YwX/8sYOH04ah8Ax47RxIn+PJIoRFf5I2bT1v+2zPVfvP/bW+9Pzt369f1nfF27N/uZEZiGvIbuRd5E9yDZkM+BB3kG2IHuRtzbxn931bmt3/dZmuzWfYFhO4H/pI+3o3LRktPQF6Wnpte2+GHJCzObB0wuPSIwK9A+I4dGBowOZxyTMR3IXj6y0rDwAm7Fm+/X1zXYrhkBMT/6hkacAUIfPDK7/H1rQUQDqugBgzvmHJuQGAOsuAK489YmNitumoTYfaPgtQQ2fNFY4lvEDEXg9skARqAFtYABMgRWwBy7AA7ZyALzPo0A82ANSQSbIBfmgGJwAp8AZcB5cAldBM2gDd8F98Aj0g0HwGt4978EsmAdLYBWCICxEBdFDrBA3JAiJQ7KQMqQJGUDmkC3kAnlB/lAYFAvtgdKhXKgQOgFVQrXQFegGdBfqgQagl9A4NA19hX4ikAgCggHBiRBCSCGUEToIM4Q9YjfCHxGJSEJkII4gjiOqEBcRTYi7iEeIQcQYYhaxiARISiQTkhcpgVRG6iGtkK5IP2QUch8yB1mCrELWI1thPz9DjiHnkCsoDIoexYOSgHewMcoB5YOKRO1DHUKdQJ1HNaE6Uc9Q46h51C80FZoDLY5WRZugndH+6Hh0JroEXY1uRHfBZ+k9egmDwTBhhDFK8Fl0wQRhkjGHMBWYBkw7ZgAziVnEYrGsWHGsBtYKS8LGYDOxpdiL2DvYp9j32GUKSgpuClkKQwpXijCKNIoSijqK2xRPKT5SrOJocII4VZwVzheXiMvDncW14p7g3uNW8bR4YbwG3h4fhE/FH8fX47vwI/hvlJSUfJQqlDaUgZQplMcpL1M+oBynXCHQEcQIegR3QizhCKGG0E54SfhGRUUlRKVN5UoVQ3WEqpbqHtUo1TKRnihJNCH6EvcTy4hNxKfEz9Q4akFqHWoP6iTqEupr1E+o52hwNEI0ejQkmn00ZTQ3aIZpFmnpaWVorWhDaQ/R1tH20E7RYemE6AzofOky6M7Q3aObpEfS89Pr0fvQp9Ofpe+if8+AYRBmMGEIYshluMTQxzDPSMcoz+jImMBYxniLcYwJySTEZMIUwpTHdJVpiOknMyezDjOZOZu5nvkp8w8WdhZtFjJLDksDyyDLT1YeVgPWYNYC1mbWN2woNjE2G7Z4tpNsXWxz7Azsauw+7DnsV9lfcSA4xDhsOZI5znD0cixycnEacUZwlnLe45zjYuLS5griKuK6zTXNTc+tyR3IXcR9h3uGh5FHhyeE5zhPJ888LwevMW8sbyVvH+8qnzCfA18aXwPfG348vzK/H38Rfwf/vAC3gIXAHoELAq8EcYLKggGCxwS7BX8ICQs5CR0UahaaEmYRNhFOEr4gPCJCJaIlEilSJfJcFCOqLBosWiHaL4YQUxALECsTeyKOEFcUDxSvEB/Yhd6lsitsV9WuYQmChI5EnMQFiXFJJklzyTTJZsnPUgJSrlIFUt1Sv6QVpEOkz0q/lqGTMZVJk2mV+SorJusjWyb7XI5KzlBuv1yL3IK8uDxZ/qT8CwV6BQuFgwodCuuKSopRivWK00oCSl5K5UrDygzK1sqHlB+ooFV0VfartKmsqCqqxqheVf2iJqEWrFanNqUurE5WP6s+qcGnQdKo1BjT5NH00jytOabFq0XSqtKa0ObX9tWu1v6oI6oTpHNR57OutG6UbqPuDz1Vvb167fpIfSP9HP0+AzoDB4MTBqOGfIb+hhcM540UjJKN2o3RxmbGBcbDJpwmPia1JvOmSqZ7TTvNCGZ2ZifMJszFzKPMWy0QFqYWRy1GLAUtwyybrYCVidVRqzfWwtaR1jdtMDbWNmU2H2xlbPfYdtvR23na1dkt2eva59m/dhBxiHXocKR2dHesdfzhpO9U6DTmLOW81/mRC5tLoEuLK9bV0bXaddHNwK3Y7b27gnum+9Bu4d0Ju3s82DxCPG55UnuSPK95ob2cvOq81khWpCrSoreJd7n3vI+ezzGfWV9t3yLfabIGuZD80U/Dr9Bvyl/D/6j/dIBWQEnAXKBe4InAhSDjoFNBP4KtgmuCN0KcQhpCKUK9Qm+E0YUFh3WGc4UnhA9EiEdkRoxFqkYWR85HmUVVR0PRu6NbYhjgS31vrEjsgdjxOM24srjleMf4awm0CWEJvYliidmJH5MMk84lo5J9kjv28O5J3TO+V2dv5T5on/e+jv38+zP2v08xSjmfik8NTn2cJp1WmPY93Sm9NYMzIyVj8oDRgQuZxMyozOGDagdPZaGyArP6suWyS7N/5fjmPMyVzi3JXTvkc+jhYZnDxw9vHPE70penmHcyH5Mflj9UoFVwvpC2MKlw8qjF0aYinqKcou/FnsU9JfIlp47hj8UeGztufrylVKA0v3TtRMCJwTLdsoZyjvLs8h8VvhVPT2qfrD/FeSr31M/TgadfVBpVNlUJVZWcwZyJO/PhrOPZ7nPK52qr2apzq9drwmrGztue76xVqq2t46jLu4C4EHth+qL7xf5L+pda6iXqKxuYGnIvg8uxl2eueF0Zump2teOa8rX664LXyxvpG3OaoKbEpvnmgOaxFpeWgRumNzpa1Vobb0rerGnjbSu7xXgr7zb+dsbtjTtJdxbbI9rn7vrfnezw7Hh9z/ne806bzr4us64H9w3v3+vW6b7zQONBW49qz42Hyg+bHyk+aupV6G18rPC4sU+xr+mJ0pOWfpX+1gH1gdtPtZ7efab/7P5zk+ePBi0HB4Ychl4Muw+PvfB9MfUy5OXCq7hXq69TRtAjOW9o3pSMcoxWvRV92zCmOHZrXH+8d8Ju4vWkz+Tsu+h3a+8zPlB9KPnI/bF2Snaqbdpwun/Gbeb9bMTs6lzmJ9pP5Z9FPl//ov2ld955/v1C1MLG10PfWL/VfJf/3rFovTi6FLq0+iNnmXX5/IrySvdPp58fV+PXsGvH10XXW3+Z/RrZCN3YiCBFkbauAki4Ivz8APhaAwCVCwD0cN6Gd9vOBXcKEr58IODWETJA6CCVUSxoPIYCK03hgkvH3yFgqEjEZho8bQjdQwYFxnJmwBLM2seuyJHPOcutzZPHO8CPF1ARdBEKFg4VcRfVFeMUWxC/v6tUIlhSQ4pK6q10g0yKrI0cr9wn+RsKBxRtlDiU3ivXqySo6qjh1Z6pl2v4au7S/KrVrL1HR1eXoPtW77Z+nUGFYYHRPmOSiZYpi+mCWa95vUWFZaVVm/WkLdqO1Z7NgcYR6bjmtOoCXHFuRHeq3ajdix4Tnv1e7aRr3tU+pb455EQ/f3/7AN1A+SCxYN4Q1lDqMGTY9/CJiP7Im1Fno4/E7I/NjGtMQCWSk9r3gL1C+1T3m6S4pcamHUkvzkg+IH9gMjPvoHWWYDZlDshFHKI9LHJEM88y36nAtdD1qHORY7F9ic0xy+NmpUYndMs0y1Uq5E5KnBI7LV1pVpV+ZuycSfXFmtla2jrBCzIX1S7p11s0OF32vBJwNeJa/PV9jWlNB5qzWnJv5LUW3yxvq751/XbXneH2sbtDHQ33/DpZOh90ldyP7/Z7sLvH6aHNI7Neo8fGffZPIvtPD7x8RvlcalBvyGTY4IXyS8FXxFcrr6dGXry5O3rmbfqY/7jDhOWkxTur91YfTD+qTDFPjU3nzMjPjM2en0v6ZPyZ4nPtF6Mvk/NnFhK+enyz+m6xGLTUsXzwZ/O6/sbGjv9lkCjkNGoMPYmZp0DiFPEBlOWEMaIYdTzNfTpW+kSG50yyzGksb9gU2DM5+rnYuJ15Cnjb+Eb4FwWWBGeEHgufEYkS1RSjEHsufmpXkISCxC/J+1JHpJ1kuGU+ytbLxclrKEAKXYo5SlbK9MpDKqWqbmqcaiPwLnDXZNUc1jqm7aYjpLOqO6h3Rf+QAdlQ3YjW6INxm0mxaZwZ2dzbIsAy3CrU2tvGylbNTsye3YHoiHBccvroPORyz7Xercw9Z3eSR6Cns5c+ScqbxQfymfEdJHf6NfpXB5QEZgSFB7uEaIcKh1HBO2E8YjTyezRvjGdsadzd+BcJk4lzSSt7KPdy7RPZz5OCSXmb2piWlx6V4XHAIdP5YGBWenZFzqXcxkNNh68fuZJ3Kb+24Fzh6aNlRcXFeSXZx9KOJ5aGn/AvCyxPqbhzSvT0+SrhM4Vnn51bqSGeZ6vlrxOD94HSJc16/QaLyy5XQq5mXjtz/XbjQNNo81TLt1bkTeY28Vtqt7XvKLXz3kXcnejovtfYWdNVdj+/+8CDpJ6ohzGPsnvb+pie7O1/85TtmdZz+0G/oZThcy+evPz+mm5E4o35aMTbY2M3x59OjE5OvJv9gIa9nzo9MEs7J/1J4bPQF+ovy/MfFoa/Pvx243vl4v4lxx/CP5aW21aSfqqtEtb016d3/C8JzSIqkB4oUTQWvYCZxs5QTOAWKPEEQSodoit1Ks1F2gG6DQZBRgOmIOYDLKdYr7N1sT/guM95k6uSO4FHl+cn71k+M75Z/iwBYYEOQQ/BFaEiYWnhhyL+oljRGjFjsY/imbtEdnVJ+EgCyQopdakX0rHw7aZB1lx2Si5dnku+RcFWYU7xgBK3UjN8a5lS2a/KpHpBTUftqbqP+meNZE2sZpmWvNaQdpIOl06LrpXuS70AvQ39KgNrQ5zhPaM9xvLGMyZVpu5mLGZD5sUWdpbUlj1W6dZq1t9tGmyD7YTt3tlXOux2ZHV87pTnbOy84dLoGuIm4PbGvWS35e4ljyJPQc/rXjper0gJ3nzeL+D3SADZyE/JXyXAJJAUFBpMCtEKpQkdCTsXHhqhELEWeS8qJ9o6hjHmdeypON94ofgPCScTDRJHkkKSGZKf7bm59/a+zv33Um6k1qaVpKdnhB9wyzQ4KJaFznqeXZrjmiuQu3po7PDjIzfyTufvK3ArVD3KdnSlaKj4asmxY4ePF5ZWnrhWdr/8RcXMydXTVJU8VXJnjM+6nwuv3leTff5QbUod6YLSReLFr5c+1a9cJlzhuip7zfp6cuP1puUWlRsRraU3L7e13Lp5u+fO4l2jjhuddl2L3SU9cg+f9x7u8+o3earzXHco5CVxZHaib2bx+8qm/7f/E9wsGEUAjqbCGWomAA5aABR0wnnmIJx34gGwpgLAXgUghPwAgtALINXxP/EDgqMNBlACWsACuIEwkAaqcJZsBVyBH4iGs8s8cBLUg9vgCRgH3+HMkQOSgYwgTygeKoAuQg+gDwgMQgRhjohGVMB53gac18UhbyB/oYxQR1ETaDl0FvotRhVTilmFM6yHFEoUNTh2XAGeEp9NiafMJ7ARaqjkqdqIGsRWamXqmzTGNK9pY+ho6C7R69MPMNgzDDBaMT5l8mRaZi5l0WAZZd3Lxs7Wyu7BgeNo44zjkuf6xn2VJ4pXgXeNr5u/RCBAUF2IKDQmfE0kS9RbTEdcaBdx16rEZ8l3UoPSjTLJsjKyo3JZ8gryXxRaFAuVEpV9VcxVpdWY1Ykakppl2uI6h3V79L4YUBgyGrEac5gImMqbWZpHWhy37LT6asNv62R3xL7bEeWk75zp0uvG5O69u87jnReGROuN8V70ee87Qp7xpw4wCywO+hiiHloU9jnCNLIumhATGfsq3jChJUkiuXovz76yFKbUgnR8RuqBxYNBWbM5uYdCjzQW0B5lK/pUUnvc8wRTWX/F4VNGpxer8s4ynMuqXjofXPv1Qv4lgwbaywtXP1yfappt+dg62bZwh/mu3j2PLq9uux6tR1KPRZ8oDoQ9Wx5GvcKNnHpLP377PXFqz6zOp4Yvq18Vvxsu4X8cXn64MvXz/erLtevr+b+8N6S33h+b/scCAqADrIAXiAE5oAGMgT3wAqEgGWSDUlALboBH4A2Yh9AQGyS95f1EqAi6DPVBnxDUCDmEKyIdcRXxHsmN9ESeRc6hFFEZqEG0KDoVPQL7vgwLsAHYQQoDihacFK4OL4q/SClPeYdgTZikSiDiiMXUvNSX4fz1NW08HRNdM70j/SeGvYx4xuNMEkwPmcNZmFnaWQPZGNja2cM5BDhGOEu5nLlZuF/yVPD68knzA/7nAhcEM4TcheXhXG5GtFfsGhzF8iTSJfdIxUj7yGjLEmT75HLkzRSYFRYUXyp1KzepVKkeUktSj9PI1mzR+qEjp+url6tfbdBkeNPopvEtkx7TcXOEhZilo9UB62abOTsBe0+HCsdRZz6XINcmd+xuJ48Tnl1eA6QO71qfLN9Asq2fsb9LQFpgezBViHdoWzhbRFLkm2jdmNo46viIhEdJvMlxe/r3Kew/m8qeVpSBP5CcOZdFyp7ITTosnYfIf1N4pSiuRP7Y19IrZbEVqid/nq6ukj1TcfZjtXBNwPnLdcwXyi9p1H+6XHpV5VpfI6lptaWq1aYN3Kq9Y96+0HGq0/u+6gPeh6hHjx/HPcH05zwlPKsa9By2eBnyuubNxzHuCet3qR9uTzPP5n8Wmn/8rWjp0IrJquzayfV3vxZ2/I8COEADn35eIA4UgR6wBh6w7/fCJ78SXAcPwCh87gmQEKQN7YaSoTLoFjSOwMFeJyGKEf1IRiQZeQvFgUpBzaBd0I8xephbWA3sXQpzije4aDw1/jKlIwFJaKaKJMoQl6m7aEppY+lc6E0YTBltmEyZlVhEWRXYPNkTOWI4vbnsuS15LHgt+Mz5LQRsBT2FooUPi9SJPhCb3kUloSTpJ3VCekiWTc5XvkFhVcla+bFqtrqLJlorX3tN10wvHfZgs2Gb0W3jPpNVMzPzJktJq4s2krZN9noOQ06hLnjXi+6OHrRelN6evm7kd/5qAbmBH4JtQ3rDLMKfRrpFTcUkx3HFjybeT27fW7HfIeVnWmWGYyb3wfnsW7mHDvvlGRWwFj4q8iteOpZeSnuiqlyx4vEpv0qoqvys8rnBmtha9roHF/fXG12Wump4fX9TVUteq0sb863hO2V3Xe5hO8/dl+++2WPwcLg3oU+qHzkw/2xqcGC44KXwq4rXv94YjOa8fTROPeEwefrd9AeZj8FTp6cfzMzMoT9xfJb+oj/vtED66vvN+jvf98XFw0scS3U/VH6c+LGy7LTctMK0ErXStLL6U/tnxs+eVeKq3eqx1f41ijXttYS1K2vT67zrLuuF6w/X13/J/PL9dezXo1+/NmQ2yBvHN3o3/R/tJye7FT4ggi4A6NGNjW9CAGALAVgv2NhYrdrYWD8DJxsjALSHbH9n2oo1NACUz2+iRy1fn//9jWf7G9S/8pi/W7AViba0wpFos2xGJfA//HDpxjqC6CMAAABWZVhJZk1NACoAAAAIAAGHaQAEAAAAAQAAABoAAAAAAAOShgAHAAAAEgAAAESgAgAEAAAAAQAAAUCgAwAEAAAAAQAAAUAAAAAAQVNDSUkAAABTY3JlZW5zaG90jIYtCQAAAdZpVFh0WE1MOmNvbS5hZG9iZS54bXAAAAAAADx4OnhtcG1ldGEgeG1sbnM6eD0iYWRvYmU6bnM6bWV0YS8iIHg6eG1wdGs9IlhNUCBDb3JlIDYuMC4wIj4KICAgPHJkZjpSREYgeG1sbnM6cmRmPSJodHRwOi8vd3d3LnczLm9yZy8xOTk5LzAyLzIyLXJkZi1zeW50YXgtbnMjIj4KICAgICAgPHJkZjpEZXNjcmlwdGlvbiByZGY6YWJvdXQ9IiIKICAgICAgICAgICAgeG1sbnM6ZXhpZj0iaHR0cDovL25zLmFkb2JlLmNvbS9leGlmLzEuMC8iPgogICAgICAgICA8ZXhpZjpQaXhlbFlEaW1lbnNpb24+MzIwPC9leGlmOlBpeGVsWURpbWVuc2lvbj4KICAgICAgICAgPGV4aWY6UGl4ZWxYRGltZW5zaW9uPjMyMDwvZXhpZjpQaXhlbFhEaW1lbnNpb24+CiAgICAgICAgIDxleGlmOlVzZXJDb21tZW50PlNjcmVlbnNob3Q8L2V4aWY6VXNlckNvbW1lbnQ+CiAgICAgIDwvcmRmOkRlc2NyaXB0aW9uPgogICA8L3JkZjpSREY+CjwveDp4bXBtZXRhPgorJgxMAABAAElEQVR4AezdCbimR1Un8Lpb73v2ldvZIawh7HvYQdBR1BEBo4iio6iICirKaESGURh1HBUdnrgwiqKoLAKyhMWEIFuAkJCEpMnW2Trdnd77dt87/199tzpf2gQw8aG7/aq63/u+b+116px/nTpVb31jc3Glu06BToFOgRGkwPgItrk3uVOgU6BToFKgA2BnhE6BToGRpUAHwJHt+t7wToFOgQ6AnQc6BToFRpYCHQBHtut7wzsFOgU6AHYe6BToFBhZCnQAHNmu7w3vFOgU6ADYeaBToFNgZCnQAXBku743vFOgU6ADYOeBToFOgZGlQAfAke363vBOgU6BDoCdBzoFOgVGlgIdAEe263vDOwU6BToAdh7oFOgUGFkKdAAc2a7vDe8U6BToANh5oFOgU2BkKdABcGS7vje8U6BToANg54FOgU6BkaVAB8CR7fre8E6BToEOgJ0HOgU6BUaWAh0AR7bre8M7BToFOgB2HugU6BQYWQp0ABzZru8N7xToFOgA2HmgU6BTYGQp0AFwZLu+N7xToFOgA2DngU6BToGRpUAHwJHt+t7wToFOgQ6AnQc6BToFRpYCHQBHtut7wzsFOgU6AHYe6BToFBhZCnQAHNmu7w3vFOgU6ADYeaBToFNgZCnQAXBku743vFOgU6ADYOeBToFOgZGlQAfAke363vBOgU6BDoCdBzoFOgVGlgIdAEe263vDOwU6BToAdh7oFOgUGFkKdAAc2a7vDe8U6BToANh5oFOgU2BkKdABcGS7vje8U6BToANg54FOgU6BkaVAB8CR7fre8E6BToEOgJ0HOgU6BUaWAh0AR7bre8M7BToFOgB2HugU6BQYWQp0ABzZru8N7xToFOgA2HmgU6BTYGQp0AFwZLu+N7xToFOgA2DngU6BToGRpUAHwJHt+t7wToFOgQ6AnQc6BToFRpYCHQBHtut7wzsFOgU6AHYe6BToFBhZCnQAHNmu7w3vFOgU6ADYeaBToFNgZCnQAXBku743vFOgU6ADYOeBToFOgZGlQAfAke363vBOgU6BDoCdBzoFOgVGlgIdAEe263vDOwU6BToAdh7oFOgUGFkKdAAc2a7vDe8U6BToANh5oFOgU2BkKdABcGS7vje8U6BToANg54FOgU6BkaVAB8CR7fre8E6BToEOgJ0HOgU6BUaWAh0AR7bre8M7BToFOgB2HugU6BQYWQp0ABzZru8N7xToFOgA2HmgU6BTYGQp0AFwZLu+N7xToFOgA2DngU6BToGRpUAHwJHt+t7wToFOgQ6AnQc6BToFRpYCHQBHtut7wzsFOgU6AHYe6BToFBhZCnQAHNmu7w3vFOgU6ADYeaBToFNgZCnQAXBku743vFOgU6ADYOeBToFOgZGlQAfAke363vBOgU6BDoCdBzoFOgVGlgIdAEe263vDOwU6BToAdh7oFOgUGFkKdAAc2a7vDe8U6BToANh5oFOgU2BkKdABcGS7vje8U6BToANg54FOgU6BkaVAB8CR7fre8E6BToEOgJ0HOgU6BUaWAh0AR7bre8M7BToFOgB2HugU6BQYWQp0ABzZru8N7xToFOgA2HmgU6BTYGQp0AFwZLu+N7xToFOgA2DngU6BToGRpUAHwJHt+t7wToFOgQ6AnQc6BToFRpYCHQBHtut7wzsFOgU6AHYe6BToFBhZCnQAHNmu7w3vFOgU6ADYeaBToFNgZCnQAXBku743vFOgU6ADYOeBToFOgZGlQAfAke363vBOgU6BDoCdBzoFOgVGlgIdAEe263vDOwU6BToAdh7oFOgUGFkKdAAc2a7vDe8U6BSY7CQ49Cgwdw9Vbv5jdxN+F78WcV+85tHuLWA41fzzsFeL1u+dAocoBToAHoIdt3e2FFA1GzBqd81o8AWjmmo/yTMeE0njPlYT5JmrLzz25hJh/qoZJYe5+Zzm5OaSUbxb5vHZ342NSdNdp8ChQYEOgIdGP92llpNzFaEq4u0FRnkFhpyQBkHuwat5z7kB3uV1dnyAYAOwEss1DH7zuYzzH0+6ecRLlLkKmvHurlPgPwEFxubi/hO0Y7SasGd72guc3HIHSsOaV3u+S88mXrp6LoC2e2yqRp+HuUE2+TuInjiyyz/vA78apf6Zqjnc+b7/U9cA96dIfz+YKdA1wIO5d+6pbmM7ExJ1bGxeM6sgWHW9wBPoGjznIS5x6lR2/jl+VbGrMfkBO+5OuBvgp3waCA5i7ItWH/qfToFDnwIdAA/FPhwzFwVYQDAgVRErz0V3jsWi1wALQOZKeCay8/9KmZrbE39uPo/2fJfprTzG52ESoOZ9f3Wwput/OgUOXQp0ADwU+258UWo90M7a3dSW9uc+C6xyDWBwAGQNvGqM2Sx6VNCc1/pqdADKDdIOngdv+5AvQXP7tMkWo987BQ5dCnQAPAT7bqYsSa3H6rKF6g/0uAaIgwaBMf7zk+GKZPzGK4Cl2wVWrMtDND/AOXA1Vn30NHB5qumaj8TddQoc+hQ4KACwrcMMG9D5Db/fHalnZ5vWEhmORjMcX9j4/Gpny5/fxMREtJhvnPfdlXew+O2tWt6dtRmGowZR85Pfffrc+ADnaqJQYR78sgEGts1n1agpj3YJ8jwMj/y66xT4z0CBgwIAEXIYlDwPvzdC82vOM0ADeu0O3Dh+Dfza++7du2s8/p4XLFhQ47Vy3F3D6WpmB+EfYGYhYw5iuecCUs0BK5QwKa7oZqBw7c17aLNrYVaBE46asnANP0vr4jeewJqfpPznkbDRDa09c8PP1eNu/ojTXafAwUKBAwqAw0K0v/AAogZsLcx7A6l2F8/lfWZmpgLbl770pfLZz3623H777eXII48sD3zgA8tpp51WJicnazz5yauBnbSuVo77wewWAJxZ01a3aL5AKVU2CeY3nrB9m/6gpAsAVqiLBrwndPBPM9PWsaCpdF4BH6ZwV8ZE0jYgHQegUwkJvbvrFPjPQIEDCoANcBCygc4wEAGpYa1OHKDV4u7du3cfkIm7a9eu8k//9E/l//7f/1ve9a531f6R/hGPeET5jd/4jXLWWWeVxYsXV5CUdrhceTaA5d/KrZEOtj8BegCnzhMVjAJdECwAB8Q4GAncqkeAv6l0vCuQJYHV4holnu7NgcexuUy0Z2fK2OyeAGBbNQamyxJtYS27xXdvfTLs1587BQ52ChzwjdBAh2vamGcg2O7D/vwA1549e/ZNYWvE+T/vfOc7yytf+cpyxx13lKc+9anl/ve/f/nyl79c3vGOd5QHPOAB5S1veUt51KMeVTXB4XSeldnq4v2gBsDd9gFCrWhi4xOBvYBZ5qaBrQpVgG1PLhDvmsrFwTgj3oJcu3MJo+m5D3qh5po38WbKZLbLTAUAbZsZq5utE2tsea6FNc7+f1q/7e8//N6Bcpga/flAU+CAaoAaPywQBGhYiDyb1k5NNREuZevWreXmm28uGzduLOvXry87d+4sD3nIQ8opp5xS3vOe95R169aVn/iJnyi/9Eu/VI4++uiyadOmsmzZsnL++eeXj3zkI+XRj350pTlt0ZR4GOjUZbg+B7pz7rH8fYa4gFdAcFfAaVegDCz6RkSn3pFrU5Bty7bQLG3dtmNX2R1azu0JPbdvLjv3xN45OV4WL1lc6Ts2SZscK4sXLiwrF+datKCsnpwqK4OQiwKPe+q/vVl/nqgAOtxPhwTNQo/uOgX2p8ABBUBCNCw83vfX+G644Yby6U9/ugLbjTfeWG677bayefPmsmPHjvqsQb/8y79cgfOqq64qixYtKv/lv/yXCn5AbuXKleVlL3tZufjii8uf/dmflQ0bNpQHPehBVTsEmkcccUSlCa0SIHI0wWFgrJ4H0Z+Z8cmqse2OTrcrl+nrxtTva1tLuXHzznL1bTeVLXNT5fad42VzrjsCdlu27859b9mbdi7cuaXs2LW7zAVIly9ZUsYXafdcWRiwA3zLFkyUlVPjZdXi8XLEkqly9NKl5fA1K8qy7L45LSUfE/qMzdtdDyKy9Kp0Cvy7KXBAAXAY/NQc+JnifvGLXyyf+cxn6nXTTTeVK664olx77bVly5Ytd2mg+LS77du3V6ADXEsi0EsjsC0/ZVj1db/yyivL//pf/6scddRR5dRTT60guXbt2jo9Zic888wza7qDGfxUcCxan+nszsxIr7vtjvLVm9aXKzdsLet3RQucWlku/tqN5ZbJJeXmsUx2TVen7BtcHAJHk86UuSw5OnPfHeb9CY8fE9/eTIrHojJuT6a7g6T1fU85ZtFEOXXF0nLU0s1lIoD4wkVbyjlrFpalRx9TxibuOhVWp4HxwtPA3fnkfRA6H9RvnQIHnAL/YQBIe2s2NADiGei0O7Dy7Gqa1v4a4F//9V+XD3zgA+Wyyy4rX/nKV6q2hkLyEVc6Gt5hhx1WV3Zpb8ccc0xd4T3uuOOqZvepT32q/O7v/m553eteV0HOlPkv//Ivy9e+9rW6AEJzNIV2NXf44YfXabSpNLvhS1/60n1ltvJbXPe9qcuW1IktbSIyvSBSzkQW9M6DGF5cXlyx1bXjWvJWZlnggjoTyWFuskRJKzPMeYlqsu8Iq/EKTla9Z8uOaHzbk8+mhFmC+HCSXn/zTLn2xtvKLRsDgLdtKOu37Co3hzZHZkp70+JVKRY46d7WxbWCeU8dJzIvXhig4xUdclC3vMSr/gGUkwHKNGq9a3sK3LI5SfeUSxcsLmctXVCOvn5XOf2YReX+x5ZyQopYmORLZ+bK4qk8zEW7TPv2ps/3ZMpMU3VZTjlqdvBR3uDzvURNmy1a24/Izd/y1LZmDxZ2fN8idGxfe8T+9zm8x7WZhvc22BkkmVrw2rBjgmlxmFsMsPu7e0rb4imPa+WThVYHA778DfR2LSgPjzLfHHvssZXn1ckMRbyWttVTfPm2bV2tTHdltHjtudWFv3TeW/uk4edqMupZmcNhw/Fb/jXCfHrx1dcdzSgw4mnXSSedVBbGzEJxkU+rV0v/rb7fp0UQU0yE35+oGqZjW2c1grbOQoBGWNNWixemuTQ/7+I1B5we+9jH1hVcYIcprOSuWbOmMuOKFSsqCH7wgx8sP/3TP121PMR9+MMfXjW7a665pnz0ox8t8vnFX/zFWu7ll19evvrVr5Z//ud/Ltu2bdsHdtoifwslT3jCE8p3fdd3VUakYTYG05EAcEPaCKiWRF4md89mscC0MLWOja1k+kiAk3GuAMlsLpJODlyzsdaNJd44rSzglmAgKBW4WhQ5DWskv7nY9ebKLRVESvnXHTPlS5dfWf5k55pyy22x9m2LFjeRFMCKFpc6VDBL3eRQy1d2lWl/FJKIC2IhrHWSJv5tN7Rjr2CEiohe668duWTpvmtFKTtokjvLdBTtxx81Xs46bLI8+PDV5cFHTMRGmKl04G48Cye7olECvbwFZqPdJ9MTsgWn5pvnuSD+npQDAN1zG1S13jPg1coAQGA4qNjAApkI98IRRgNoAx3vLmYS99bHjW8Vccstt5TVq1enymOVV5YvX74PIPjhffyK5723tE2w+TUHFPA9oBUurrTe/+qv/qr80R/9Ud3JYBHv5S9/efne7/3eWjf1Uj+g1ICp5aktAJhMNJkSJn/vrbxm4uHfym7P6tjqKT/8TpGwm0K52vz85z+/yoOy1EF86bn907d2KZOtnk3++uuvr6D47Gc/u3z3d393lU04cKAdebvXTqcjMAJodCN4u2ugMEDJicO1BQiAdOGFF1YwQqDmTE+f85znVK2sjYTsdUZf+XGIr3PUAZBZ9Lj00ktrmJGGn4vTYTrWFBe4sSFaQPnRH/3ROrX+0Ic+VGifOvfWW28tb3/722tawKzjf+zHfmwf4+nUieRHD3Aw6SyGWBDNAcCljLIgJG0AMi+6BJ3ztz7NpuP3BESCmHMBlkWJP9iZlxE5WTivbzbt3JLYFjYu2zJXPnXNteVTN20sV9x2e7llKsCZeGUi+iAAxIfRzmruFfyUMl8JN4XwqieoxsNWFn4D/k3YvpoNgK75J0kInaxy8XN5XhQNNvd1e3aW667bWa68abZcvOzGctqaBeWJDzw90+YsoowvLKtSSSy+aHf6315EI4T0cYNzBQMa9S3tTzmgzmpz82v3wYS/IvB87Ht3w4+2QxFuPKEvf+3Xfq0uoAEZ/IlP3BtIvPrVr943E+H327/928VsY3hhTm3w4TAg8CMH/FzKE6flrZwmN+Iy8VxwwQUeq/vkJz9ZedWMRN2kb/lJV/kw+cnT1d7FEd7kRJiy1EGcFtby4q9O3t2FAzyLh2ZOzZEpMyT7aoW3/IW3vDy3/JRLPsna5z//+bJu3TrBdRCxEEmeD3kA1CkazLVpgGfEGW6c0QkBEZj/P/zDP9QtKR//+MfvYtd70pOeVF70ohdVQrPTIbYRm0Pk4U7yLN+/+Iu/qJpdm9I+5jGPKS95yUtqWrZADG8BxFT4537u58rf//3fV+3RqH/GGWfUPM8555zygz/4gwXTfexjH6urxaYj6mdDNYB83vOeV+umPtq6KEwZ9i4TU5P1a4nZCPt4Op0fG50pnmdCPey8AbexxCXsUkQPqFtOYNpspsVb4wu31sXjo1+5pXzsqvXl8kxDvxIGLlOZ3rpEALhN8wNoWbWNZMZvHgwTpWptgy4agBsdcy8AHKqXR+/Nq92lh3oqpjxuPGA2HgAEaOnPvZlqX7xnV7l4U6B620x56sYvlW970APKOcdOlF0zE+XwpF05Fxik1APCVfMbsGtmmYIm+wHkhVLzdVD8XapQ4/pz9777gr/BA77Up+9///trTPxI0N/whjdU80kDKTzdeA2v0mI46X/4h3+4gt/xxx9f7/xcbVAn+FwDgpaX/Dj3lqbd+Q/Li3cDsQtQcOKqHzBzB2YNsIR5VlbTKPmJqz4trNWtzbCaJtraqhx5tDp7b2nID6WBTA63QZzhdkjLtTjAW105mrR8KDvuym/yXSMcgD+RhnvvNNLVOgUhvOvM3/md3ylWbSG/UcxIauR905veVKe6pqAcIgC9F7/4xZW497vf/ap9AMi0Dm2diJD8lCMc+P3Kr/xKtZ8o88d//MfLD/zAD1T7YLPVmCpj2quvvrpqm7/6q79aGR44yg8zKBOjnX322eXbvu3bqlAY6d/3vvfVckyvfV3yt3/7tzWtkXBury0lGT0nMhWIFjaWqSxNb6/5XACQvGMFIOhuGjcQ9TBpmBVILorvWKbCLGRzOeIqE6kKfsTtM9dtLR++YkO5dNNM+eQ2wJaBYEFQyLx7N+0tYGB6bUuM47FC91rintzrtDuvvmObZ8i8DeKZ5u41qKjPkDO9HXaD6t7p4ysQZU5l2l3thoKUHztm7II1v5wy86GNO8rVF11VvrBqvDzz5JPLk+6Xhaqd0VJEDxCGYzzNQ9mgzAl1zHR5bv7kaUB4J9QNnuqgsQ+Faxb36k8DGiDiMgOxP/TXf/3XK981wXXnDLLMJPjOZVfC2rVrKw+K48LDTctybw6fAh+XeHitAQr+5dSBMzP5yZ/8yTrlBny+XsKj8tjfyQuwqI/yxPGsHPkNA14r272V2dJKJy91annIR7wGWvw9K0d9WlrphLlam9Sz1ccdrcnfD/3QD9XZmTQAz6U+B4O7TwDYCI0BEILtAPC84AUvKJ/73OfqyGn0RARalC0s7G+NYN/+7d9e7XYMoyeccMI+JtMJ4iCYMtqopnOFef/zP//z8prXvKYajhHynHPOKT/zMz+zjzn5SW9199xzzy3nnXdeHaX/+I//uDzxiU8sylZndRdPnurJVsideOKJ1Z4IMK1IA3Igylj9s6/8mfKiF78kMhswyLTSp2TBwrI7A91kNELgR3xoNgMx8rf5hFHjH9yMYhWbUK5MjgKBU+W23G/YM17+4eIrymW3T5TP7VhQbpjJZHthNh+bOk7KI7mHBgNUzXse05CEE5QIX9pSV3rrmYGEUYR5V9OF8Ya8qoZYPeY9laOY6lRSvnE1bZ4n0kgLHVOWgHJZbLGCI40pdjZKX7NtU5nbsrNsve0r5Y6Nh5fnPPCIsgZWVkFLWvWNU2XF1S3buY/TKoFsnqur8Qwdg0nwAPTnw+7lzUyE0+fNNMNUYgBkq2JTbnwhHmHFd+IKc5cWKPBvfNr8ACYnXD7NAZVhbUdaIMHhaQAI9NgcAa70NKYGOE1mGogOy1srQz7SkRnh3l0trTryb5e2yJ8bDlM3cTjpOXH3b0MNmP+jLcPleJe3i6kLqNP81I3fqlWrquwN53Egnu8TACKaRpvrIxTwo4H5DM1ChOkFP9PJT3ziE7XxmMj04ad+6qfKc5/73LolBXA2QssToRsjIaQOQThOx8j/9a9/fVWj+X3P93xPBTgLGNLLq+WhbgzKprdsejqSNmqRA4MBwMYw8m5M4dthQrE2o73FGaMY5vtS7Iyv+tmfLR/7x3eUN0abXXXCKaoQ7a9OfisO7Nw9kylytLa4gZULM7nCgBHnqbo0sCf2vb11H9+mWMq2Rsi/sHVvnfJ+4Nq95YqZCNJEVhliS6ta32wWPaweA7YpU9DkZ8FlJkKESWmCEKXOKRuCELD4zTNxXuISby/LYhytbzxxVM1VkSf5IzVAU4YX6WXpB0ii+Q7KyHNWdOsvJM2mrS7x41WyqXrd7OYytTdCc9OWcsWuLeX047PSfvyKcnooEvFKpDQjmdJ8aYeaVQud1wK91fwGUQfP1fO+/WkaoD7HW3jFTMXA+OQnP7mCEN7FR3jDgoQ4ngktABUmH/dh/jS1Zj82WAI7gs5e9p3f+Z2VRwEAvsVjZhouPKcu//Iv/1L+5m/+pj4r/+lPf3pdMZWHOL/3e79X5en0008vD37wg+viHCXD1q62//W1r31tlUf1VTdy84UvfKEqC//6r/9aCUce5P/IRz6ylm/WI24DZ2UNO3nJRz3M4NDJLg11JmO+sPr+7//+mh8NkX+7gLHrzW9+c6UjrKCQkC35ineg3X0CwEYsxEFYm4zf+973VmIBtaZdaaTGW8XVeb/1W79Vp53AEQMBRZ3gkka+wAbh26gyTKhzzjmnanC2u9j0zIbDZiitS546tIGzjvnf//t/V2axUEKT88ncH/7hH9b4OkJHtXoqH5PKy/TddpsLLrig0AZ9a3zrrbeVv3vHu8q6a28sj37K48uHPn5RBbKxRYvLKSedUn7rt99UDgsAylEXZ8ytfz3BkeiLgT7gtCgguKCsz9NFN28v7/3i+vLhDQHFsWihEwHAfdtR5nPKRuYKPrPZp1czkm8DMM8pzRT867kwXtacBzE8WnVp0992b+lrtZNn1cpqgQkJywA+VUp/1YrUKXciK7uugCdONMMroyleuSPAvWd3uf/cTHlogPF3j15eNWR0MRxk+KlNmbIHsZaTgHkqeUKtSr9krwb31eErDo/gD5e+tk3q53/+56uZo2mB4jUw8cygbwsWfiH80uJRoGhQZSIRh32rOXxoEcAmfAMqs4pptEUPfEXrA6wGWbMa+ZElMw0DtzTq4yumiy66qMrIz2YANqNSZ7xKu2KbM6uZnp6u4AzkyJmVXHJlK0pz0jDp/N3f/V1d2X3FK16xDwDFRZsGTuK6zILM3igzNNTmALBdFk95ylPKq171qgqIwprsGUDY3Zm8tAPQkyP1hRutnJbft/r+HwKAmAQTfPjDH66d10YZjedaIxEOMAIVCxM6x7TTlhUANp3OM/XEBJw8japsNKbSANT09ZnPfGZlDlqchYy1a9dWRtVRrfM8c0BM/UxtbYI2Pccwvg82Gpk2c+rY6gkM2wjVGF3cN77xjXVkfnUEZVGE+6Of+kz59JcvLRu3zgNKtLBPx2/7xi3lvNf+ajkjzDu+mHY0qItyQODugM5MFiw2ZaPyhvi96/Jbyt9fdlu5ZGe0vaydlrHY6GIjrOBEYPfS/CBOpiumiZkwV21PtkbRCkR5iQ2uPpuejqFh4gK8eNe7uFXDqupWPGvAIKzmFS+uaXI1OH/Q0lab7Fmsjp0RGtlKIytbegJw1XMmARN5npA46Wo/TJbLskhy2Ze+Vh5zze7yzMecFeCrrcn27LGyKAA6ljbsY8YK0okwBHkV/NTxPro2s9DXeAOPASDARUjZrgGheMALL+ABPCkOgPBMePEafjaTAU4tnioCADxIFuxpBUDKabMdsqA85h/+4gmTv3ws6lEomIY4ZQNFjn1aWON1fjRSMmUHhXpTDCz4iEcLVR/x1Un9yQAw+4M/+INadwANkJu8iM+hk0FDXJdy5M9PfuplpkfzNcui4aKHdohHjrRVPG006wKkFKGDwe3juftaGauqFhMQSEdqLCI0QiIEwhvRTAWsKJ1//vmV4DQ0hKcRYgbx2ETEMdIhMGILR2SjJaM1MNMpbUGlxeGHcZ3+glGbs0LM0Gw6gQHk8da3vrUymT2Ej3vc46qhV11dylUfIM0Zraenp8tJa6fLr/7Uj5Xdt20sm/ZkK86S2HNmAlAENMz7kfd9oPzlcfcrP/uKnymHZUMrv5LPzXb7/CzbVfasXl42ROivzaLoP305bcyCxyUzme7Opq7j8yCXQwgGS6cBktSlGg2z0GLiWMGGNljtfilUOCSqYJQ4gMqUeC/QknYIJGslU3AFl4RFIKqamij13kAHAGuPK3bJwUMKkGeFL2XGjc+DX9UelaVeice4V6+AuTrQDlPsJTs2ls0XXVqe/Zgzy8okn4fNVCNmjgBylgviq9B5l2T7XoefW/i/894GRnfgp0/tFcVzNEHggm8sdJmqEVgDOb4myJ7xK97GbwZVOwe8y7NpmD63FI5XG/i01WS8DlikwWfDjh8nL2FtUG7+8sK76oM3ARzH35dSZITmRxlpCgh/YMRERC5cZFR71AlQ2g6kLcolM01uxG1OmdqkXAoFudNetJOfmZWFSXSDBfylb230zA82oIGyDrS7TwCIYRBe52Amow8iaRx/DsG8I5SOs9oLUM4P+DXi8RdHPuJzRglENRoK449wLvuTrMxiRHVoaeSnc9ylNQ0Qx8hmm8t3fMd31L1/QM+IpPNdpgOAlREcIyjPxSBt5LZ44y4/mqqTZt52xoPKugs+UsFl764YvKcynVqcTbbbZ8JYG8vXLruirJmM8G+J0X1lprPh6wULs6ARstwYcPlMZoafvWJL+dC6beVTeS4LEjdfcZSZaJPZVkLLG49GV5XHTCfLXMJLQDL2wjIRQM10sgJh+2Fg2l0leQTKwkVdvIhfBZ8UDoDwm36Zp3EFPFNgMkfw3MmjNKbfE7kMIFNhk7pxOv4Qy4qPKWu1HwL+PNf3+QwqX6tfyt+jUkk/432ifGXmhnLzzo1l7ks3lcc98OhiyckWxnGHMaSMTIoGealHQ74kJSvVi/d9cPiJw58E0tYrIMM0goc9n3feeXW3gv72jqfwC0HGo02w8YRZAT/8gvcBqlkKsMF3+MseUyA57OQLANzvyd0dQOB14CT/hz70oXVWBGzUYe3atXVqDQAbcOF/dsPHP/7xdZeDNlAQLrjggjodxdvSAkH1ZMPngCOnreQJvU7Oqr6PA8y62qBgesssxKGtaTW7Ig10enq65t0AsN21y+X97tpYM/sW/blPANg6Xl1pgGwWmAjBhHEaiDGo8g972MPq4gPQYr+zeMEmIC47gtEM6HAYTlqEd8eMCOxSBjsKArZyaqL8YdAedhhMHHVTD3Y/ZciPJmhqa/piC43RH2Ncd911tUz1xEjqwK5jU7YtNc9+5rPK9AmnJ+xjiae0aHaR8z2pFwWIyK+77qvlC5//XHnIox8Xk1s8s9t5ZzQ2s8dbk+Y9V24oF3zp1rIO0DSNyirvDPCDiLvL8mhVs8l4i+ksOWFrowXS8ACa/XUEiPZl+gsiTF9ph1YVaIiAUIUSbzybtBdlCr0wS9B7c9+RONF1U6cgkEsaZdXpbt59nkF7rNAzn3ebHiuzlqEclzLVYT66Qr3uTX5VE1XvqfKJ2D1Xh647r745ayoLy3MesJpyXLYlu8nU13rvJN5pGmUFwQQ2MJT/fXBNCFsWbHr2h7LhmWLiFZqNLzN+8zd/s/Jym81IA1DwH55oNj/+0pnd+MqBScdmaTJBIwOyZhsAhlMHV+Pt6pk/Xw8MhoGSNkfL8rGAO75kHqLpqRPQxescubPNTB2AZlManvGMZ1Tzz4UXXlh5m/amfmx5zFDqxqmn8oDak5/85PoxAQ2ZPY+Tj61olApxDQTy9PXW2gAywObPfb321QgH4E9Y7947jQVICHR+NLqmdmuoUQp4aDzmYLd73etet+8dg1jp8mkMYrN5GGl1tJWr7/u+76t+jeHkZTQSR35NvdfxNErhwhpgYQA2EfXDhNJyvjWmHVpx03nKo85LxxjskzztwUQYuAGutARhb4BGfVcvO7Jsy6rsxC6aUkDCamz+wyVyvyiLAcuPiD1vdTZMR553J5r9fczj7/vqnnL+NfFk03NbGmYFJttvH4DJRJ6DPZurvS71rtPRZMwOOBYNhr+ftuRfwUmJeafNUacStih9cHwAZWL3jjI5E3tM8l+4OxvR02erVy9NqkCNugYId8dutydxdoVZt+UQ1Nt2zOZTv6my1R4/W32qVpZ6TLjiB+1VPHWs4FplxR/1yo0/1XU28d2BsLv6LV5ZNk7Nlg/evqXc8tnLy7JFDytn3W9ROTXJ6WbJPcptXsStmWnjf7wzSHP6FJCw0xmU8RXth+nlT/7kT6rQisPhFQKN/1zvfve7K28Jw+dMKHjRTMhMQXyyQCsEjACGn7gNFNr9G4GD8jh8rA7AlkYGAIE4f4O6eru3g0PY2gCaewM14eJbvbW4QlbUw0zMwgrZJEscueDIBNu9VV/hZEoa9fZlBw2XKYGfVWKAyozQ6FwzOQj/hEPvvaMVIZSlcd8x0px0zv/8n/+zMgftDgGd02fZHRERCHDqDMCDgEAG03BGXio8RkFkzCiOS15tKmIBxMhDq5QfJnUxXosHgBFfp2JqHadzrb5R4Y3S6qoeGKLZbORhhOeUpdMxiPiMyccfd3xwZ7w8+xnPL7/6O28oS5YuK5u33xYQi90kee3ORuA1S6fKIx77yHLSaSeV2R07y56Vi8r6SPe1u2bLDVs2ln/J52M5tiWz2Ux57akDbLElDgAOyCSs2gIBRwAAIABImuFcrrbIUYU46eu3xe45vWUyA0FWeU9atricesTh5X5HT5djVo6XNcvmyrJkZ//h5gCnjs8jyKp9sjt4QzvNxxzlxo0z5Yr1t5XPXXdDuTCHLZTFmXovzYhfhTDT+DEr1PMAKBcansxqbrnBruriuU9jTBvFm0xeFkyWLyhfiKng3Z+9NOB8/7J8ekk5JtGTcwaR9Hfu+VDdW7IwXUKHWkjN+d7+aZpRAxR3g90v/MIv1AHcoIkvDMj/5//8nzqjkAZfAI22tQsfm0riFeHCgB8wwLf4ddixJeJplzKFNzBs8RqgtPd7uuNvq6im2ORP2eSEsqDe8nFxgHJ4YdGsRtnSmaqTETLAzwyMFkweKQmcOsqXHPiUFLArb9jxJ8u248gLrdj5yY+2trq0+3DaA/1815b8O2sDZIwg7CA6QMPPPffcurmZnQ4YIYDRCFEBoM7jB7QQHaERed26dXVKbPSgXusMnYTBxGtMo0wMCvie9rSn1XzlLw2m4BBaGp2tY3SYcmh0Vt1Mt9k+dKb81VPd5Wt0s6JlxFTX4bTy1U7Kz+Grjyqvf/Vvlte84ZfKspWro+Fla8vuhIXvH/zQh5dfe/1/L7uiXS0I+DnEa1NUm0tv3VQu/uqV5ZNbM7rOsecFFBYmYFfSAcAlNjzH1uc7YdNc4BFalbmBTbCMJaectFLmVkfjBCgBEukyh/SNxcOXTJTjcnzVsx/1sHJEgPXohWNlScBoVXAHsIRy+RuzZCqZEu5U3vKuOB977IgyunXJwvK4TJe++1HHlHXJ/ks33FH+5YqrykVXfiXANR2t9oRB5LoPMJkDvmojHGIn6iWQnFKmNhDIPGtfXT1OmxYsKVdt2lA+9MnPlNOOfEJZmqxWJFiKqYHxM4pj0iWt1OnU/AHZ997ho2GHnwDZ2rVry//7f/+vanENRICd/m+gIW0DC7wgDa0H7wA4fISf8Dl+x+PSiMu/PcvTxd/VHJ4dfufPb/hOVtSH8jHcFiDFkQHhym4KAJ5Xn5ZX4+u2XYc/OkhHBlxthqUM7UMLdZNva1erlzBp1M1FoZCXcobb08qvFc2f/d+b/7fyfp+4iXbFfkKrsmJrCmkbgRGVYVYHAAzAwyEOPw5hjRBGT7YWGlozRLPj6ZC2fO+5jdwIywZhUaM5I28Lx7zKRHzlYTQd6A5QW/n2IgFF6dSd8ReIevbdr68DMLUOBJQ6S35rDlsTQL8jmuAx5Ud+8EfLRz/4sXLWwx5e7Ssnn3pK+dmff3n523e+rSwIQ04smirbUrap3Y2bd5Qrb76xfHHjzeWOHTlaaiqMnY3CJVpQnfw5EYEdjzxY9BiPpjUepp4MdFU7XACvMEyD0wgxYKA5Lhwvhy1fWr7jAaeV5z39jPL9Tz0t2l8pJwf8jknMEzOdPqLsKKv3bipLZzeWJXs2ltWzOSg2m6FX5FoeAF2+Z3tZEfBevXt7OXLv7nJ0NlMfnfodFk3xhJwB+PBTVpXvPefh5b+/6AWlnHpiqpt6k0vC2RY6gDYNb28A3aboqmPmXZx6ZljqvCh9D/y0DfxmKr072u6W7bvKB94Xe6osc8GEWI7qg2dXYOQuwpRo98rhH05fNkeTwouE2DQYmHjGK/gU73B4qg2antcGAFsYMDENBEANKIClcuQBAJsTLr0y8CbXgGK4XvzEGXbKw7NkSv7y5uTH0fha3fGzDdDATFzAJa07Prfwga8Btzs6yIcGS6aaE5+s0+rk2cpqZVsMov15Fxf9XN7Vt7VJHZprebT3A3UfGrK/fhV0RgMPMYGSBQGbPCG+bSv2T2l4mwIgKvsEtdq00yiE2K3jMB3biI4Q1jrXVhUnsNDs2FlMr9dFQwSIVpEddtCmzOox7DCgchHfHaHF0Qnys/fQhlEAp8OVqV3ypnWqn3hOinnb295W7TZtNG/MvHR5QGnxDWVFWVgefdqZ5T2Pf3cgJowYQc3sN4sMmDIMHhC6NQBxyc7Z8vYrNpW/uiLivezJCYsQBmzqaS7saTS9avfKPba4Mhah2BVrYex3FRIWp5scauoUmWhGT97w2XLUkgU5imumnDW9tjz6zCPLcSk428mzxGCAyWicuoQAyTvbb7KvcPtEtG9ekfuc5ZGnu3cYgnk7umg5NtcDcnGzizIA5JSXn3zC0eXDl11a3nHR58plc0eWSxafmHYcEYYIWMfmWPam3nsD0qbl6mBrz0xynYzW6hSbmQwHdcoPgEKfFYvLhxbEdrV4Wfmzf72h/PUTjiunJOR4o8bi5BFabAud96ZGjohQt/vimhDq56YV6W+Do0UCiwZ4zCEIBB7v4H0XvgZkQBQgtFmCvPAQk49tIKbTnAFWGiYgPM3hISChHsBIOIdPXcJdwrgGMvw4gEnG1KGBozs+pomxqdv03xxlxFdX//iP/1gVA2mVz+apnvKV59qAubaTCXLQAEr7hdslQfGwmtxmctpNjto+XWXKb3p6uublWVmt7u0dXeSpDOEH0uH3e3Q6nQMknt0RGwHY6SA/gvJnMDY6cq0zdLLpBfDTUAynQ+VlBLKdRDjmwXxWs9gTMZZRy7vVWzvMG6CJK71y786pS3OepWsdII3pgE3QmML0XSdi6nPPPbcenQ8cMZ8RTaezk5gyG+GNfi2vwbJvFnjylcN4bHn5rbn5aSVh2VlmAmo7c/ry7mx2/tott5YvXndjkDGjarbMVGCw2lqnc6ExOruaA4gcOyCjHWCxSmvKm3irF4yV0487qpz9gNPLyYcvrptjbJLJVtcoW4kruezmn427zuIbQE5evgknC67dB+KXqmRaf/b9H1QWHXF6edel66OULiyX7Eq9dm5K5LQJuFWXlNqkP/A4/2iegxlsQH5QqVQs4fVD6tly685d5cOf21Ie8LB8LZKDH6p5NCdW+1rkrnrQfBH/zpuZAR7UvwCEAOJRAomnG5CYxVxwwQV1JkNQh4EGYPGjafk8EuBZNcZn+N7MwmKgs/yksyhx4YUXVtscflSeO2DBj9458uFZGmWoE2Bu/KZ+npXBv5XnXTrtoRWSqenp6bpLogGNNj/rWc+qsiQt/gfWeJqmB/A4C48UCApN01jV0zNwtUuClksBodjYAkOGyLI6qDd7o9mfAUX7yPcwjmifMpXR/GvhB+jP1wVAdWqA0joPMa3SAiqLHhpBS1ubEURnaKDOQSAdIBzRdbBGIwg7n0UMTscCFl9k+DwNU8oDAaVtI2GNnD/f7IjRGEcHcq1eOkonGbm0yac8QFGdxTGd96mRU2tsl9HxVprtdZIOg1QXYKvHT6XNs1l1HYsGN5Z/Znt7sjdvZ7a3ZC02v8+RY7Uuv7pctTcoENpFBRoAW8CxbiJ2QCndzPJxRYd0CSUO+Fl8sGCwJ1rVLGN77HmZmr7gkU8o9ztiZd1eSFOjK+jIybpgknxsPbFoYnpaw3x0ln1vwZr76ibS7oXRQqdXLS4vfNJJ5cgvbigrr7q9XJKiNqv3ZGpjqw76mNIrM3bJurdxb7RevyoHzmrV8keddyNa6huQ/3j2Tz4/JgWn5cS8n1qjarZS5apJ7kMDCGQDP8KK1/AYzUff4y3vBlmCvXbt2loaXsIfDTTNFjzLz8queMwleIUf0MNfzZEL/s00o1xxhzUt+XPqJ1z95Nn4V1px1I8Trr7AWP6eyaZ22CMLoMkgkxB7t+947YDQFvxMM2yzHoDEpKRsNnByIYwjww1klUEpAJ6cujR88K5OlBer4RZGyDVzlvaI564drU3qK8/hPOTzrXRfl6dUTCP3b6gpKaLqVHuMfGGBsEaKpqFhEARtHSpcp9tmQstqHQlUENSXGC0torRyW7xhorSwYb/9n8VpoCcM8OlIbTJSYiZ10uGceipXHYx07JHi6yTMYhO1+BhisDgRnSugV/9FWB1rkA0lCQvY5LcydmTj8jWR80/ctLm8//oNZRejfsqOlM8DBNgK+RN/gHhsQQAyYBhGsWeuHoQAH8M0a7MQ8tzDpsqPPvyk8rD7rSzHZ+a0OtlRrhYEPCdhDdmYXzyotraAxmAamvaHHk7BXzCQn0S8d24s+cfsWI4Oxh2TMr//QYeVH3/s8eVJkxvK/cdiz5wLWAN1IGiPozZr4yTbW8K0se4ZTEVCz9QoeBha2NCd06J3LFpZ3veF20t+3qRszYKJ06SBYJYT0j60um8OX+ABvMERSCYa/NF4BC9YPHPIbjO1tIHTToLGK/hFPIBjIOcIt/zJBhAx6De+BjzywUfuwt05fIYn3YGau3hAQ11bfcVvfOrZDEZ54qoXx49SAkCVKQ88LJ0yzK7aHUi99KUvrUqAvXve8T1Z5Vp75I9W2muajI7aJj7gc9lJ4YAHNGt1EY426ihfl/Z5b3nXgg7QHxx4jw6Rhh3C2WjJPkKT08mmku4a1AisY4ChOyBEKCORDcdsexhC/Onp6apGU5kReH+HyM21Z3f1au8tfP+7/OXpGo7r2aWumEzneObX2uAZMDptA/NwAF/HUve3AUH2uGhpMZPn8tts2QztipBShHaEr794cw6H+Mr6snVlTAP2z00ChHmaVi0pkeoqJ8BLKiu82YcXwiXvtH1Pnmd3ldNiA3zUkcvKtz/wxPL0YxbUryfYwuzUcl+ctk4CBzLNhmj/HWMfDbBe/HLNZSJMK7sPbjJZTqZay5LdKanmCdkL+Zjle8svP/fs8sTVs+WEmYCglWmutbkaJOM3HpumfYxAMFUc/O5I6AIEZwHIgnJxPhf8xyvXlQ/ftC3fSaf/cvb2VNoD6BemnffVEcAGGvICEPofn+IV/Y13AY7N0QZofEFY2QRpNuI0nnG3SZjGaAtMAzJxyIt8baEiJ6aneF+YGQ6AAgYcACEv0gMYAKIOyuYPSDh+QIj93BRWOKccfCsdzU9dHLzgbq8gLU9a7TWI43tfaziqiv3eRmn5Sq9N6sCpn/Y5WNiXJwYLsqC+2qEegM+siT2fNs2cJT06oinakVnvwtUTHbTrQLuv+5sgDWgaiBj9ABgVX+WtmGm0jtRxCNzQ3hFAgFIejq8CHggIDBGCXRCY6pBGIJ2JODoTk0rLtfIbsZTDz3VPTj7ya3l4b+0hBNJ6V2/v2iPfVoeWt3fPGEN89b/x+huyoJltDMtjj4lQ+1XehdFTYsUJwCzIjxdNlS9mofftl99Y/uDyr0ZVCwA64IC9iyI0numFqaI9fWO0otwH894AATDI1Nd8NXWbXjpeHr0mh4s+OD/6dORYXZiwgjuRleGxLHBMolnO5p+LvQ/OjFsxRjbA6m4rCnA0ltSV4+Q7AU7undslz7gFyXNsJqvSU+x64+WGnXPl2slV5Xc+cEn5+62xsY0FnutxXhJEyLMKXbfzTLATpzI+mdmbu7ME/U5IaFcHh8nQYvyO8uzJO8offMcTS5ZOygrmgfqVSeoerfveOsKMPy+44IKybt26CiqEnQCzNwvDe00zIeB4A9+bpeBbIAEQDJB4R9zGs/IyzbTyyuzDtZOjyQgAVIZTxu03BIxkQp4crcu3w05ekZe9s2vnp9f4kz+7u2klYFYPgKKOnPo1+Wt15898QxbVSTh+VraZkHxofgBJmZxn7TJFJ7uUHcDPbGXRU36AEAjavSHclBvYAl/+HHlqcsV2yNwkDBhrm3uTs5rgAPz5ugDY6tOIwy7m9AhakE9mrDa17S6AQkc0wjO6soMADefw+e1e6TAhojMUA7/GcMryLB/El0/rEISUjzAEdf9GTl6NuNK055ZOfvzaCIwxuNZp2uzZnfZqlDQFUPZjHvPY8qd/9LZy+AmHl5n8PkYsG1mI8DG/b5YXlg2Z+r3vqzvKH3/hhnJxfIufj7QgsTOqU9pVprJPZSJMMgYNaUXutMDEMYWdCwhu21lOzuPjc47eMx5xeDk9O4mOS6ycX1LWRIsL3AVGbIOIRpvnsSwWOJ26umBOfYI9dV4sbwgoICHqcy9dNddFgauT08kAIPtkMGl2ckW+dFlZ/vH6rNyv21L+Lsd61f2MhMpq9t7EdZr1BNtS6gGYU63iSxqrxFRCoLg0nrMbstvn1vInz31ieXZOUj22NiZh2kBzvg9Ov+tX2hm+aANtAw5Z44nGM+LiRX7uNDF8KZwDgnjCXV74RTxaEj8CTyMSRx7CG8CqC5lxeZYOmBps24DNT3ktPX/P/KRr77Uy+YPv+eNV9RFPudrHZs9pk3oZzBtY8W+0kUYc6Vz8aXTuypY3MFWWuzC2cWka3eQnXqMrrbPRw7MBQV4H2n1T3NSIYTnf6ijn21ngxwnXUabCiG+Roy2QABmqtk5HwLUZ0Ywg4nII1pgIsXSoSyc0Jw/EagQTzrX3Fm/43phMvZrzrDz1lYd8Wzxx+MtzuHx1MrJa8fLtspHPKP3Od7+3/MDLX1yBBhg56j2Qmm//J8vtkfcrb80ZbDNpQ90eEmFxwEE0tbowYP+fwwwqEBCkAJ4VVBpRXe3dWU4d214emK0tz3rwyvLAgN+RNVbasjur4FkhjRUr2EYYMiBQ+lLv1lLrCvlfF5CVUjGw8lryn6ddvO+Vw7PjvlmmVVZNLvVXQBaCFmd6f9rqxeXxWQC5ZeO15ROm9bvSNu2yt9HU3O9n1gWf3IGebNpFuwPii+1B21P+5qMXl+d812PrInE9DLtqgd8Uyyb93Tt9ztF+POvrBmb88WLjQ7wgDE/jE84z18BAHo1vPLcpJEAAQHhHnvylFbfl5bnVxx3Py1caz/y8N36XzrtLvdwBlHLUtZWjfsprvKw9pqq0xf2dPICyssRv7ZM/GZVWmHLk3+ya8ucaWLa2yKOBpnDvLmCrHZ6bv3itntXzAPz5htyk0ohgl/yXv/zlWkXfNlJ5OURpneoO+KwEGfWouGwdOlQ+9k75TG56erqmkx7BG9G9N4J5bu7u/FrYPd0boYfzbs/tLq3ObW5YENRX57obrdhRLP7Y3nDbbRvK637tvHLm2WeWBz/6tLJ8Kkcl5Z/fCZmNZve59ZvKBy+9umxccWyAIYxS7XKEO1eAIlQbFEng69aRxAGOfmwoWtLp+eGhBy6Yjc3vhPKQNVPl6MTGbj5gm5kycESbCgTWX1ZLFtGNAhe2DvsxzcG7VsFYCwi+rR0DRmH2qi0m7N66bOEN4Kas5G3X4eCbEs9+xHKsnLp0sizPNbbr2HLYFdn+s3l3uRr47UqN3KcGGmPV5OyBRH8r4myVuVVw9DvEY0vKDQHKi66ZyVcpU+WwAOPkUF/dm/o3IW3CLo/W/0AAXwAZfS5u44EWT1z++MQzAcYjhBiQNCcMKHHt7ln+w7w3/Cwcz8p7OM3wszjDPCr+sAbXgFW8BlCeOYB/d05dW1ztdTXZEV84BwNcnLa2OJ7VabheLV6NPPSnpWnh7T4U5Vv+OGjdPRSLGNRczuEBtB/O1x9AjNOJGo8RPNsczaZha4lpgHm/qTDGMXqYejDein8wO23ndJq6sm2wm9ggPb12umzcdEu+HnlRPjlbXRUYh7hsiwRfF9m9avNsuXFBhB241U/ajDMEPKhRHxPJQgHt1OqnLSO2vZj+5iuL4wN+jzgxB8WeuKzcL/EXZfPwlAWRuAmgWYEuAJgn4Oc+uGLnzDOYy2SqhoHF6IzZj5ivcNJPe3PdFxcdNy3JoJdMYjXKhDybg2MAiN6UUiLA8We3e8FJS8uDFs+U6Wzfma4LL5ny18//Elgri/USm/qaZtfpb926kxfAGAC8bWxZ+fwN6+sYsiO0k+y+OMLchFA+ZgRthjAswMLEa34NBPCE+I03CLA43gHooe602aU9LuDW2jr8jh5kXdzhOIdi+3HhPTqdrZOtcDEEcwzGjpBCEHP5FsczsGTgBZQWSppjKLUTnZHXoYvUYYbTg9np5Na52qW97D8+9zv7EWeXFScdX6bPOKU2ITvjyvKFOdghv9O7bmd+vnLLtrIe0NQV2IgtdaldNjWjel21DQAChzpFrJ553lVOzEexjzzthGx1yebS7J1bHO3NBuTx1GEAeLSt2GmCpjQ6FkGwN3yxEIptYi5N9LY8tbjxuJduMivJMVrUMmNtCvhlI3HyzcaGmuPCbNfJ2Tx1J8xzzjq5nJBFklW+da7NSxyVAfrV1pk7etQzxAIgNGCalB+Mz77Jm/IbKZ/72i3lq/HeFmED4vfFtf6UB+FtgNiEnL+BGk+Lu7+TZlhrk87F/2Af0Pdvyz29a4s2ocMwDfi3sJZ2eGBofofanT5yj651qs2ejrfhXvrSwZ4h6nabLvC3z8gXE9JY8TXtpVq7N0MwwjbjqanxwezUtYGgUV7nA25TkvPOO688+OMfKS9/4YtrEyx+BMrKjZHhL6zfXD66IeDuNz1oNPvsXRH05EHpqbawOocEBBBBvNx3by0Pyikpjz7jpHLiivxmqpXhvabL0bInszCU9BU/Ul5yCsA1IR3oRkKrgpmQQTitCRSm6BQMuu4bhCQjMJoMJ1IXm3/ma58aDdyCCpD5yiLtPnN5vkx42Mnl+k9eW5Zmb+C2AEutjApVzTd3FcoJNvHIFYdezAa+Lc7ne9fs3Fo+ffWmcvQZ+bIg9U/IvXZNo2tA2ABQhjQ4fYx/xRPHO4cX2n04DZAQBhQbGNSIh/gf7W6Xdmljo4dnA4RwdBoeEA7FZn9dedBoS+6W3mlBVnsshQM2U1mEsNKzPqu7vrG1KdrSuWmvPX9sJKa9tEPhnG8Jped3MDvA3QRFJ+tsne8+fdLa8tIfenFZqGG7sgAAQABJREFUuiggF4F1WMvuyO+Wmb3lsvwc5M2mupWy8dwb4d6di/BbLKgajymvVeDAFU0jhxHULTG3XFsedeJh5QHHLyo5waqCWJ0O2lAMF3INgA2oVeQICWNXyjMAohO2a6AjRjgDWMIHKaUeCHUe7p2b196mot1aFgC4clTCVGhhw7Im+rmnTDDL405eWVYt3JVN27H9TTnNJoFWaZwULS/fTfvmbYoGmMsiEJupsHwjfH1WKy/O4Bvfkt9ny9/75vQpXsa7zfEzMDtk19c/bNWe8TZH2AEBkMQDnHsDPukPddfapR0N3PYH9ebf5EFcbT+U2/91NUANtssdM3D2+VgZwkCmg6a09vf4VhfoATaERDi2QKfgOhTRr135vlIa+wbZAAHjweyadmuUb4xgwacKQ05W3pk9fPWU92zjmMunZ+T1ppyj97UdQcMcGlD38SVt1eDImt/TJTyhzeAnJAOejrafTfy5LBvnvvbw2M0CfnRjSUxzy4IARqbIM1kkmY39byo9RgRdyamCz6ATTXlpfjFK1/CkS6TUPhgd4JZNLmnuk6sA5octB1+EyFD5VmkngVfUw7G0ZWEqsTM64m1Z+X3mOWeXz//zJQlLW2ftEUsi5gFOQl+O1GO+8m5LDHsam2hso5vT9i9lsL0yg8ipELeW5n7vXBNiQouPgRzQ8wnkJZdcUgd7gzsbti+cbNnyjbtVXdqh9G162LTFYfC4d7U68Km0qwFZ43e10jZ0IuuAz4IgJWDYSXuouoHs3EPtNeySbHy86qorawyruzaMAgdbXXwyVjW7eQLQEM844/TIeH77IadN+Gi6uQdl5dhnMk6roBm6DoZVoFa//e86uTEFJvDcwN0mlAUBI1NQ21BoPLDt2pu3lE9l4acsDrhDgB0BwMiyT8ZiyodoAb1ErkdHRZp9VlE3BEcz2nZreepDTypHLFtZJ4MAkP4xES0RZtI0686ZCmoD4ItvBbuxCia28CRQObmPASq2xYCN5F6Z0Dyn+vfe1XwHAuC750W5KrCmbT63GxzpH5tpfhZ0NqC2IPa8tdnIff/jl5fb8hvBm2eyB5L9j5ONOgNBJgCaVGyda0Kz2yE97TnbijYvXFSuuO5rOQF5Wqr75PQj/jWo29LFNs3E4ysPDk8KB4LN2f7kuDS2bzyOD4AgAOTk+Z/BaVfj9cbvQNHODlvgyL79vZSXBpLiHcrttzV1IDMEp0nGfH/eesvt5QuXfiWdHcYcnypnPfoxmblMlH94z7vLK37qFeX2m7O7P255mPWBDzqzPP97vq/4ycjwb7a7/FZ597v+vqxasbJMZar4whe+sHxvvg7ZcPuGctiafDlSf/uiJj8o/5giAUFX62waLi2QYM5N5gsS+9ryKdjs4myDyQ7hraZ1Y9mm4rMuJ5xEpqHjeqDBudkGAwCoj1VtAnXR/pLfI45bUu4fxdAqKmDRJe1nOfxehpXd4EOyHORXwSzRBi5+FQiFJWFFvEzdck+SWja8aVXhda+cVehafquDiqZOg9uggJz5Nxvgzg8oZpo8CHjmg04qG268oFyU0wkTe5CgmgQS3hZE6kGpAb/qHy4KbcvURLk+m7yvuCVfh5ysBd+8a8I8nIIfM419nU4wAnzs1/oZqLXBuQm1uwU9IHneeefV79htAxO/aUzutKO7A5CWz3BdWjp85Vkc13B6dW5pPQ/HG04vrDn159St5dV4Fz+rozs/1/7xWz6trsphDnC4sdOfnBbDBGYW2NKro/Kaa/m3NjV/eTbX8m/ta+/7h3vfP2w4TnuWzzB9Whp3rpXT4g/fI3aDkXvcNosM5eP5XnVTjPif/ORny/l//o7yyYuvityuKiec+ZB87jRbfub1v1n+/PffHLuW35o4tpx6/Anl+5/5sPKDP/yScvijn1o+vXWmbM6Boc992Y+UX/y5V9WyVIM241q+ZkXEfWs+i+UbaT9IXRvdh6un0wdaa04QqZpMdt8tmS02B30xGtplG3MKzpbDyoZg2sIA3a5oL/kpuAhxANEnamOhgE3QfiRph0jR/KayYDJ+a3nGdI5Tz7FaD05wVdOCL7uT3GACQ4DdWBZVxoI0rH53cWGAZDR/zYcM8Km+3BUo58Pv5W1PjuN33ikrJB0Yyludrl95pMy9OfJ+Lp/B7UxYRK5u4PYV6xn5c9MdXy4XrThjEHdBGlrPTUygH0zZlTZZ/GAqWBj6LN6c59zDl7NbJ8rf5SzBpyTq/XM19/UYXBgBJ5zDAgD8fJn02te+tgJfy0s8i3VtXx0bsOmxfKShFQJAJyHZy9pOBcITLX93dkJ+DSDwkTwaMOxfHwOqOOKLI65nYMUR7JZfq2uzYTYzUotTB+dEslCnLi75uUsjT3Fb3sLUt5mu5K9+/Dk7NQCfHw+Th3eA2A4QkY+46t3yVE6rf/Mbrkd71jetXa3+wrh252+twOJjcwaoYdmUB+fe6t36vQF8q0fLo8VTTqhsU2sIkY/wqYPr111f/vCP/ri86Xd/P0rMeDn2xJPKdbtznFWY8adf/KKcc5mpQX7EZyoMcfbZjyi/8guvKs/6tkeUvXfcXq6NtF5y1Q3lsq9cWo7KZtjjn/PknBySE1UiKpoG7tiObOitUt1qdCjebd7lYtCneO0IE6zfvLFsqIck5BCI9gtpoItmU+efhpsIeNVw4g8gaVT56cwVy1fklzHzAXyAdMKcOsEDNpwHv1rYnX7zrwfkNmDTFK2C+14G73XqDajzCiBt0UEpusnak08r5ea0H9MSsrS13tGAnpoV5EF+2h/amBajM9rl8Q7nBmQs4YaZeOBz17+YmzBz4nonEI6FAmS0Pn6AjUZDqG3uN81j8zNFZhO0CGhbF3CRn/SObvN7IWza0gNKpweJAzjtcGAuasKpHJetZHZTCCeUyrK/VL6EXZwm3I7aF9deWmUAKaDr81H1W7du3b4PDGxy9lWWwRmgqbsLEIrLbif9Jz7xiZoGHZQjv7Vr11a6eFf/BtTa9Kd/+qcV/NTP5WsSpi9OvOnp6brnt9GoxWEmUB8ArU0cWphKaw8aKctuEXGlkx8aAlB19Y20NAYcwMtPvdHJZ6lAEV30rThsuNJqk48wfIMtX+1q/V8rkj/D75mEZd9TtlqMRWAXLlle/uyv/qy86ffelP1+Dy0vfskPleNPuF+5+LOfLn+aX46f3Zk9afnt2iNXrcmx8c8s577iteWMU6eTZWx6S5aVW8LDn153S7nm5s3l+vya2IsyAfKtALgLC9dVw3HTI9oKARjwZ0IONZdOrV8x2JuWH9hO9W/PZuXPbYo2t9R3GwQ5gk6oKwNoPaHPCFG/yEhYazsQyW8CH7/KamkGil3xqPNJQ8Xgka3Ns+lrS5bXA+ZUWX3uzjnHj41Ui8Whl4Ya9TozX9NUJgkT11DzeZnVmInNn420asvecwHA2BO35Bftbr0pUafZqaRJqnnhGrz927/CMTuhacLJZg0cCBcQAh4WOyzwESxgQSiBCZBkI/QVlEU+2ocps0U8n0P6oB/I+FacvRto0CD9Xo1v5uWvDi7lAyCHiRBO5do14Ry+BnriW5BxZJzzNk3Th9309HT9dUW/zetwA2fzASX2SYezEn51oOECaMCuXtonT5pc+5pLvqby6uBX8ezvBSicPKS3iIl+AAu97Ad2QpI2yttxYX5Zjr3fekDbLfL85z+/bpdzgAL6NAdQ/W4wjRqY/Y//8T8qzdt5Asxk2gPcfDwBMB244twAwMlZVHVit/5ynX/++XVvsd/25nx99oIXvKCuNfhwARiqu3ZwjSfacwAwH2xnj9nuTEw3brq5XPHVdHS+Rnjlq36qvCBzfu553/nMsjwxf+/Nbw5vzpZfzxE6L37JC8vMslVJFe0n2uOWHH10XV4+edPGcuRhJ5TFWfFjv8r/CoAVBPF9mHo8X0fUz7jyeii7udimHILlN21v3ZZvKjMClZUgimDXxua5gV/8aTgVHJOgRgsQ5jd8TzvsiHJEfjQdWKBXRbp52lUgSfSqNAqsEUQ6sA471UWgAYINKhOEjqzHZYtMIuzNi3j6XttOOurYnPt0Sw6/iSpHq6uZ5I97bZjnEKYZFKnWtMSsBu9MnjfEDliml1dmxsjDbn8G3z9cXCe10OqaENA6HN5pYQ6Y0UjaFFh8wuvLH9/QOum5aT/S29lggz9hJWAAEYAIs6UG0FhJpiUKJ/BWUk3paEwuJ8w4cRxQAEGaDoF+/etfX4GAX9PIgCPw9TmmBQnP/OR9wQUX1J94BdouGqsLUPsdbFvS2PGaa7ShcQEx4W+ObNOCDRbq4PgrWhqNstGrtUE70AkYPvnJT67g1MoUnz/wmp6erpqbOnLaZ7AAgLQ1oGyV3YCgXPSl6aGN80GBmoGn1dcgov9czhdwhJd4Ldwd7dl2nWLzmte8pgI0UJQ/HpGHeC3N+FiEMmeepHpz5eag7I233VyeeM4Ty+lnnhZ5zZSNIOeMtsee/bBy9OqV5emPfUJ53rOeHa6Oup20gbmyLauN2wIGl9+Sj6Pyg+G7l+doocOPqwKg4YShHsRJ/uu0J4Jh38ih6ghsnfpmYSKCHLNnuQkKRlOpq79TaZvTTupVGx06Jlw6apymQzRAuXNHeeiRR5SVmS4gdfqmhrfFClhQKSX6QeFqI1KTVqF5IKoVzrN7guabUbX+WPYqAC7LlP/M1bHn4Ks2SAQY7hbUZV8zyR9aYBaZbt9K1x6sVObhbl0DwuHAxuw0pvXZs0qQCSXNw75UmpCpIsAjKC7AA4CAmq1bprRNcKwQA9PLL7+8ClwTcGlaepqM+ECK0CmTJsXRsAAFMCSwrX6///u/X+2LNE2u1RPYyEPe6gNE5MspGyABF20HWtIBEu+AuIGf6TOQc9c2Wpy42kLLVWfaHIB1XB0wVa4yxDd1p2WilYu2CoiVL632y8+lDeqizq1P5NGmvwYG7fAuvriNTupOiwWE2qtMn9eKJw560YCBn7gGoXakmDgcQPYTu9o/3C+tLjVS/kwujP2F3QkurVi1OteacvFXLi5fTueefvrpkekEpJDrb7i+3BQD6IrD8ktpVjjzA7ITWaGbjNF6QQzUmyOm196+qdwwM1EOC+FXH53RPo4dqFoAKwBEwt2jE+RpINgiHYouzdAGrdmaAWB97HiZ1wxaAsVoeLXN7iQ5Hr4LBgk0m/aVSDZPH5sfWToqQQvyA+XNtacKfoM+nQ9qIS3mgbirw1A9Glq7zyO4RRJ1bzHdaYEPOGpFufTqryYAgebjt0jVrjr/4iYve2zm4XQrq0Jy3J+J+XLNn8C2Z8JCCDlaCdARTriBH9Az5SVADbzEJWgEB9DI62Uve1ldCRYmPcFlp2M3bFtmlEXIpRHegE2+8muLFuIoFwCJK9773//+KrDN5icMQNM+AZY4bIi0IqDZNDPp1ccdGHDAx7vyTOM9A3m/7evH1OVl/277ckteQO+5z31uBZz/9t/+W20bP/VSd3kARdNptALKQIx21TRP7RJXPYaBT3loKA93cTjPrW+AWHNADH1oh7Ryd3k64BWgSecSh5ZtKqwPDUi0Q4OccL/Vov7azuTQymplq9fkBKEEgBGyo6O1PeAhDyt//ba/Lr8fG8RUjPInxlALiX/3LX9Ybtieo9kf+OAydeRR2emxMFrdnjITYk9km8uOaHQzEexJn4BlY+vyVVkqT0nj0RKrYTwVqnaxxDE1xteDMaw1+xC7xzDXpqW04Bsy3SjLsgVm9zwsmuIR//3BzyIIQa8GflGyxp7TVUDn5Lygmh463oqrf4FB8nIkfMMaPgfGqUyt0KD4CnrNS20H9a6jQx41A/BVrMvtuMO9hEZ103RCKp3m09XnhOGV6ub9zRaicQ8+9ENf/v/WYXBMzTUhaWBoOgiUOH6AkMASLkLMj+Dxk5YjqJ6FtdOPvAMMYfIENoCgOUIujJanLu2SrgGlMoBr05LcbbUh3A0kTK/9DIPpMbukBRMa14UXXlhoisAcKChLfeTnGQ2Ura20KnUHLv/1v/7Xaj8DqLQqU36/xiitOBYRXOxm55xzTs1HeqCDLp4Bnzqxw6knIFY3U3nluvhz6Cud9mu7u3Z6donb6q/u4qq/eMLcn/GMZ1R7KgDTRwDYQNTaie7qo77oIx9nlLKfojHN1BTaIEB71U75tnqpZz5hSIWzzy/rPHkdK09/6nPLJ779X8sHP/T+8rV1P1dODoN84qJPlJkds+UHfuSl5Xk/dG7ZuSK/9hTAPCY/7bgwBuu92dM3kRF924ZNZdmC1eWm9TdloeToCoATFgMqP4VxaT0R/tmsKA++V1CFQ9BVuUynpmH+0qA3z1BPGJHTWMgYQqPrvmcDTaMDDdD0OAJ/3OIlOerJcQrpDKu/VPFETGhc3gev9VGegcDaUzX4APwZwDrtjnCncg0A1bVd6mwBg1cSuDV3uA+AyIgBIGaTuhJuRmEleL7tlWYRgspA/NEyd7sJIj1hZLzqcSBYTagweHP8mmvPBKs5foSUUBMkwtNcExKCRli4lkfzAzDyAwyEk1O+dyBAABsweXc1+6I40rKDKcs0EqBxLS2hN+02C6PdAC0gTGt1KvN73/veml4aebjkR9C1R9nKUV+apMvijKkrZ1pJG2y/56udtE/pOOBEa+Lk3abDwtVdW/hpc6ONZ2Hia4eyOX6e1UsaAwH6iANEPRtMxBG3XY6gA9gWaJTh5GpOOeqrfjanA0baoDprY3PyUVYbeOShbtI3Z49KprL53dzwS8xR5TFnPai85hd+pRx+xFHlve95Z/nIhz9Wjjn5hPLdWXn5iVe+ukxGrdZV2aVVjoipYnH2uY1lEWRlGnHLtdeUmXzHteH2W8tRy+1Xw/phIJljSEyWvV9z2eJwYMW4Nf/e3glXOrq2TyfbczbfRkIMB33F4BKngl3ugI82w9inD0KX47P3b1VshwBwwpchSWPDc3SMfbknSBHDt8HLAfqrV1uFwk9xGpMHz9q/DxS952ou0exiWZVZwSY0CIOGG5OuXQmshtD4GyxrhvJ2ZcFJvuGjJnRNsBJYXWNsjO7y3hieFkRIOMJDGNmtWhpC6Mg3hnjAQYt6+tOfXqeFgLIdBNziA075NSGWLwGm5QBT0093gu1ZXRu4eAZo0gMs9rt22pI8gBOAodWY4vHj5Kd8Qm/hwmKCujZNSr4u0+cGrtJMT09XsFOe+gEh4dpgqw16uLSZQzNO3Tnv6oumTbMUv9XLHR3UTRuFcWjKtfykVz93Tl1okK1e4qmXfNRR+uHVae3iWt+iq7RMBA3sa4T8kRc/Fxq0OrW0LV40wDTWiJw6UUC2BtTOecxDsifn0eW9735XjfeMZz2n/PArfrpsClB+6LKry9jKHP10+IrysNj+Fu+K2rt0Sfb3zmafX9Tv228uTzvlxAp+2DbslitTiWgL+BwP02IGOs4gRo12qP3JtiHan7btjqZ3e4Sk/vC3zt+dazbvOSC1zOQumu/Y0vnVDFAFPkwdIFiSzl4SYISZxgnaz95cWXsLDQeMH999DiwcSEfrddEA9zmd2hzhGfD3ALfuUuEMiom7oPJEAqog4IF57Rj4VZAL/YRhSHd5hmZK/WYc5idETfA8c2xgDP4AjWCwp9G8aEK0OJcvPkxFOTYwW2Z+5Ed+pPoTHhdhJ6A0MwLYgI2gCeOAx7CweRbOAQyA7C4e4WwCKo4w+wOVwb8BTQMPINGEWrj2yV973Vt+0knT/L03mrQ8xeekAUitbcqQlhPHOwd0AG7Lhx+gagCoLp5NP9EZTRv9DTjoLq1n6fYHSfmpG8BVjvDWtlYfcfi1S37tEsZ5V25r58D33/5FuYpRZmv4j0OSGV8q7Bp02Hga9LXYAT+f+fQ/f+bz5a3//PHy6Vuz929RVNfx/OZAVuhoQEeuXJavQ7ZnE7Qfs77Tme7SB+dMf6v4YOUB4e+MdYg9Rab2ACvVDvPs2Bb1Off6qVs2ji/bsbmckx9Net5xa8pTj12Zo+Kj4y0IIM7l6w9qd9UKs1i0eFFZlk8JnRTviPsKgKFN1hPrQFFxZh5fdI/yDjTl7oQhFQNO6p3H5kRokWB4fR/UemXwYU0Yu46GFZikn48kSgXBPLjXKbFWJ4MMEnjnGzlCwWF+QsC1O7sX0OIIvK8a7EsjjNI97WlPK2984xvL9PR0TU/r82tn9sT5MfGWDuitXbu2CimthBZD6IGSsgg5MCG84hJCYKAcjiArXzhgkQctpoUBXXEaSDZ/aeRPS20bueXNv4GMdI0G0vF3NYBqIMJP+Y028hHWwvkLb3koQ77iubhWDpATn3YoXtMkpVduK6OtVPNTDu3Waq1nebWy3aVRjrhfz7W8273RQRrPzf+e8oiSEZU1o+4eTJj2YpltUVqmj75fOe6wNWVnfpzmtptujo0vI3d+TGd2fGH51I23lx3r8tsYi6bLaTm3aSw2nB0ZoRfm5xtX5nOS7Zuz12vuxGQGIEx36TdB9tiFxiL4TrOjRRzKzhTeb9YST21ZEqYf2AFDu8VT5dknHFsecuIRZVXOxNs5OZEvREo2iE+Uy750c/nQ9gDggthi9uwuy7KdaGG+KfZTuVUFjKybAtMvWUoHpoLQCi0rPQ8s3Qb9pg445a69yIcCl0rf1cVvAO7aNvhcrB4EUeM1hMyLtBLzj3Y8cPPvtayGqvNBd3MbZnhC5eLnsm/MlMp0s2latlOwMzGuE0groQTw3HPPrbYjGpof9KLRcISSFiSeaSqQIviAlTADAOlNT5WtHEDg/YILLqigCSBpN9KYAtNA7YXjpAVuF154YQVk02GaIGEGpn7v1z47ZSpbu5pG1topD2U310Ch0YN/i+ve3oGN+nI0MFoop83isdepm3K5VgbbJJrQhJVFq7bFpdk8DQbscOrdwFF6ZgjgL291dnFo2AC3lVEDvsGf1ibRhtv69ZLlR1IHBECvyrxp/8Lg1Zol2ScUwc1XhWUyv2a2Ij/jOJlV4rXHz5TT8mu0X8zJJ/+w7fryPeccU45flJWolLJxe+wdS8bLHZtvrSeDzKVh+cAuYhyQTPjEWDaKppHJNu+Dcr9e5Q7esIzyaRdhxi4UlRVsgGnpqhDvmcevKt/zkKNytH0dU+pm8Ywp5eYwyf3LUeXqa3aWa7Jx2vH3U6HRpBXOYGLdLBkkdIT9YAqcPPeRaWA0AIzpqVz7AvL8rXatDhh2CJRSJXyUJlXLSjX9JkZdLAl4q3FkIT+OF6pNssfxmb/cal7yTr6VIeU//y74m2wz5m+C3QSBYNLUnOht0zIQJJjcW97ylrp9wgqon64kmBYh2Nk4wis/QAaQGNrltXbt2irwAM2G5re//e1V8Gh6NEZCDHCBin1tPqMj5OoiH5dn5dnKwQZppZefPYs2J7NDqpc8bFy2sbktXLTppHLUT7rW7lrxoT+NDu5cu7co6tWATph8tJFTjjD2Ql+noAdws1JtoYKtEi381Kd8LKYAagOLhQvx3/a2t5V169ZVmgBXoK4cINvqrv5ca8P+dayB9/BHuS2dKN5d38hN7nIMebSZKJyV1dJOB3DUhY3JNHxxiLswyL4sU5I1hy8pp59yclk3vqpcsX5D+cjX1pfjrz+mPG06sptctkSKJ/JZ18y2fM8XIzbthQYIJJJlGpwOaquD+oHnIehUnfaHcq6ZnOyyOJ4r0qEnxR76yBOOqGfXHRboi5G1/t0eCq3KAtDJp64oH9+dk46vlDK6cUbdWAZCl2SQ/mqaH3BlOqhdCBwSzHI6AMC8HzCn9e2ar1ho0XzavdUbFzSINJkBjotMrbIpevD7xGl8bXtSViOxu9RyanfP35wjNE1wCISrvbvbx+ZHyml1pqWEjmbjlwptRQFUhN10jUYk3DSV0NJyAJoTUWhthBco8j/33HMrgBE6WqPfBratRBzg1YRfnuLbfuPyLo2vUXzyZUOyetKm1Md3roBSGsBnS1prj7YNC3lrr/pz4rW43lt4C2taVgsTt9HLXbnoZSDQBqvVvrCgyaGLT9cspHj2RQ2t1d47zoZqn96hp7b4TWNaq7gA1edyALZpia0O7S6e65t1re4tDboMt/2e8pnMfu0IFUbOCBdxrbP+8NvCANWKMOnOEGVRjNG7tmzPz99k+fzY/PL8jqPKETvGc7rHzeU9F19ejltxcnnomqzvLYr2l/nzwl07a560Qj+h0+xWVcNUVvMY9NM91e2g9tc2Fxib3T0AQFP7w1dOlbVHZ+9VQhfNxuYzmy1CMR0syA/8LIpAL8wngmvymx8lnx/mSJyykP0veVgcgBQZx0OzfJ+duBVEEjZYGBiQjXYIDvTYgXFKH74GTNrqanzj3MTihu/WhLbZbpAFtMEAmNBowKb44dg8J6Vnh0lYNfcstzZ47sutZv1v/mB6gt20GQLRhENkmofPqPifd955+74xJfDS0bK4lp52BgABAEFmNyTstBtTT36mpjSdl7/85dVeKC3tkpYJ+OQNKDmC6ftUwGLKDUCEA0obkAGvhRp1Ua70NlwDCu/8m5MXYFZea6e7C7BqtzCAo3zlCOOkVXfv8nSpszT8hNuE7GBj2ih/frQ5QAzkaYA037Vr19ZPztDOZ2iATnx78FzSNacOtq0YSNpXKa0++8fz3uorjrTNtef97y1+8295elen/V2Oq1xeluYYoiUJW6jx9mfFTR62tOxYtig/eFPKVVHLN+WkkyPCBI/L+48dtqf8xf32lg3HHFs+vmtpefW7b84PgGcf8AnZIJmN0JOxAS7P4QCrIsjL0mkrk+WKLCJNbQkhQuTZ/DTitgX58esD6KqtPdVBExe7m25yv/OafxeeK2s99bT23dFY8ous+ben3BG/qzbdUTYuGCsnBcweH/veo4OKK7eGsfYsLndkqrcj9tXxuXxznWnygmx5Porkj1sM2VEWhTgzmWlsCB7sxHiJsSKGh8MCiw6S2Bsg2DsVHTrXomweXhVGvZMNvvUENPXfkTrGshXCRcNKu8ay4j2RX3+b8Bz6hST1gAjrhhYu8rlz4uUpM4T8vEe5adWRYbBsafDj8PIhIHPZcjGea1E4zl6ZsQwLcwl3Jli2WZUFt+TAjQwo4wIHwjDM7I3h3Rt41YjzcduzNPbCOYTA1NdhAIz4hKNNzcQVD+jRDoEdWxWh98H/2972tn0f2SuLYxczvaZZii8/F3B0B0LA1D4+P63KHjk9PV1tgE04TXXf8IY31O+PARZQUi7tj7YqH7ZCAA5EAaL6qbf4hF089kphypTGuzjawzUgVS4Q5JQFuPh5ls5g4WABp7mfddZZtf7NnqcsYMjuiVba76CHV77ylRXYWx6Am52TtqctNnazn1qQsiqP9uojP/fm2BDRqy1Qya/ZD7WjtbXVX331BeDnxOfEa31UPeb/iO/KsXxZ0uaZP3Nh0jmnceT/kSfme8E1q8pMGnf9LbeWmdirliazlcn4iKWJcPhkOWVj1PIccX7DrVvLX3x8a8AyI2JOhTnu+GPL5desKyeeflrSR6uMRNjiVg8BrfybzsnpgEsj5gfKpe13ujSHA4AD8a2v9Y9oLWoFTS+Jn5ZGqMeK9Ywrrr+5XBdN5bFzOdh0SfaHoX00GYeCbk/k7KDK4JKR2abzaIOBxIRH0PODP2P5HQw7ZMg5aJtKnosyFczif0CGFhiNJgtHJsMTAdB6hN4B1JxNaDWvHueIiDS1MRbLgbbGlEK1I2pYEU1ns8VgkXl+3r56e4B/YcBvb95thKblAbh6+Gli2zjv/MT81AAqR2oDfiljIquqiwbMnYDqCGtz7dm9Pbew/e8EGzCZhtlszM4G2NjogAagA5IE1mZb2pmpH22MwPm8ClD9Yg4FIUStTBqTn4dgRzSlpv2whymPpmfRw1cU7IuADCgApmFHO3r1q19dNSsnovi0S5m0RRonMASiDmmwWiwc+KmnctTH1FRdaGpAxXRde8VzATFte9Ob3lS/BmmHECi7gUW7AyFlASy2U2WijwvQA7hGb4DmVJqzzz671kv7TZuBnHjqwGaIBrRHU2xpAajynLyjD5qNkZ+6CtcuJoPzzz+/mgUAHPBvgIeO4tDOHSbBVIBuaC4/9W0DhXyVW/suCJm1ijsZqXrmHXIiJMMuovugGnJDX/EnIvCv2zJZ3nrxurJwU1aBc8zVDavCzBPbyqmzm8rDc/rBK57yqOiXmR6mh7M/uqwOWPg0bm7hpsDftkwTTxzu+2/p87yiW2eXtfltqlVFlqgS9cEiB6Bzhb71qta5aCuboqF8advu8uq/+WS5KOaCJy9fWn7jKQ8vZ+XDgAV786lT7Kubku+SrPKucgy+gqbGyuuuvKX89y9cl+Mxbiu/9qQHlO887YR6CvSa5J9P2BMvH+NXAKRPARLW1JA2fVIrkC9HEulbSq9WGH0BqDk7cmChjI+RQU3t2wt0Z2IV7RgUDuq/N987L45heTz1P+29V5WrnZztR6Fcnv2OirnGVICu/jh8gM5vg4wBwjDNVPJfsLs887jl5X0Pz+r5f7CjNZl6Eih8z3ZHWAlXA0GaCMAk0Bwweutb31qe8pSnVEFugCGMcK5fv75qL+QFCAoHUoCwgRUwarLX5E5acb3TguQjPQ2LAAM5wEGw5W3RRN1NJ2la/KR3N12nNQGfZq8crqeytdlUXblNU1MW0OFavTyL27Q12iKnLfCh5Yt+LnW2Yoy2ypEff/HVBV21X/783dG7HZAgjXCDRAN25clHfYXpE3mhx7ADmspHA/mqn3KlbXXhz9Uhtb0IbE5kncVpuGV8RBKnxo/APzFfyoyfuqr8yTs/Vm5Yc2wYNcyZ1eIrd+XavqM8OwJwXNJba3PPInBZni8hss0xAhTGvrO4hH6LXcoekODOcoerQ3SZ9i0NDX5zwyiEIdLmyOP4zuzTyqGvW2Pj26iBR+Yk5OVjZUnA745AwMoJXwhr4pJofgobC2DG/hW/23bmIVrREemUFTlfEbhZMR2PhmebEF2QVpi3PJkWY8aAsA5McJ7yfmAchkED9LHKD/BAotOq45Vm+U42O/nZ8qL9++nM2aj/Jvxb7thert4aCgC+hWkTAmWgKFN5Ft+oZAZSv5bJ3aCk6YgT88IJodd/lCMcBI8gAQiA1rai0J44goTXCQ/HoO8QAZqN+D5J81VGs+PRHgkrGaFBtvzkI2xYA6kZ7vdHfaQlZ8q1uupSV+nJJKBpYAMwTIWBIT9p26UsoCgvTniTc3nxFwfY0dyEtbTKaY5fc+K6+ImvXpz46i7PVkc0AUzeWx3EUY+WvzxoafqAEw6EtUeYq8UV3vzaGX9oMxwuvTit7d5buDp7H26PPP8NALZCJNQIDaY+UpONRhrVOuCBYfyj1q4qt9z/hPKBLIpcmW+D6089bg9hIsyvfv9F0W5Oza8bLixPOmJ5Ne1MhsEXzmZ0DSBUyVeLA+DAzJ1dO5C1O/valDNClxgOI63TYp1BSHOv10xsNHn86q0T5XLz+0zPjj1iWT3UYGJuWxQ9E9hMOyLBfv7jluD9FTFxffbW9eXi628N1ywoxyzLR/GxgwHFwxMnJ1Mkb0xlDZgGBRrpm0DQliIj6QByEnBAnOPTBocyoJAFmwhDpuwGi8m0eTz1V/fxaIM+6mMA2BNTAFp/ft0N+ZsG6HsnYoQhKxPgwghGTtMYgCJN0qBBDk2xTY9D7BNXDex/8b1XrgkAIWiC2AQCvxNU/gSSP4BpIOjd1G7t2rVVSxGfHw1FPHLj3lzzEwdYypef9//f3ptHeXZUd5439z2z9sraM2tRaVdJQgJJaEHsGNlubKBxg932H8Mcj336DGdwNz2DfQZzjucMXnDTtLfuQY1hjAfbbMZsQhJICO17Sap9r8raMyszKyv3+XzilyFlC4HHv6Jd+s2JqHr5fi9erPe9+303bty48fJg3vkhM63gYJtsj4fxlmM/DAJQbm/O73Wuw3Lz79w30+U0+Ty/77mcl+c1v+3PbbPc+f21TTmP9yzb60zzXK9xlpWD5eU25jI9G29e+yig5TTms17j57fbcr32nIN5vM6H17mcfH7xieWM+YaFOOYWZQU+jRsVZ63chjFyZnub8WhjBu9f3nJV7Lhna+zwi+1wRr0Os5xHtu+Ke04NxSk0fk3XXRurNq6KcZ5dK44BGqaRAuTvCxh8jeSxl4IxlZerEkd/+J9Gx8YnMw3v8BI3tcfRMzPxwH6Y2m0dcQu2aflihvozmMMIVSyLYgjnox4k676BiLv3DMQDZw7Go+q/2PR7GElw267jbCC+MtYBhjNUVM9EQYXxKxDoX+vLrbI8H9qPshGR/xwhAbRwLPiBWRy2zeGuMNgAYDlFlOw9mfyZQOxXQGa7lHgc4/loYFShYwi6meiJtJgIzMuZ7IGcMUnOEaQ9v5PScyp6ANc16lF+SmH+e155nysUVjryWqaTobJ0YrXGq8/KQ77MpJaVD/koM6JlCQTzgcMyDKYxZL4zPpchQPjbvBlITG+8oGgeJU3jTGecv7M0ldOazvYbbzmChultj/dsXy4rNWbuj3E52C4P81uuwXbk9nptfG6r1zm/dZkuX+f8xs+Pc1htm2yPdLd822ofzZ8nZyw7g6HpczCfIT8ry58frNf6Xh5vXGOOzOf5GZ2qVvx3zK0EaENyYUpF9Vx3McRbwXDm52++NL591xMMbdD4TUzHhy7fHNfduhn9xFh8f9fzseeZZ+NQXVcsX4H1N/yvZPSqDen5ZyJWXgaFlrSeGeJ6Z4xZ3yeOnYsvHD+AG3xeNKTcKxYvSJNE9WftGy+6E5kM+/ecmYpv7R2Kh4fG4oEJIp3hnGmOPZNjsXX/sdiI8fjqi1dFK+eOBCUwPhXirTaBCZQWUhK5Xno1LxT1hGBeuFn0NzTJKw9b55BdUKsTJJXakHK9Vlu0A/dBO88Al+28uErSyV04Z4e8CUKhl2DoVLsYoQ7AMAeAFzdOx5qX3vnKvX/i38yAZssM6G/j8/vv7wwU3pOpZEjjPfwtE2YAkPH9ncvI8ea1TBnVOPOZ1jC/7vn15nu5LtN55LI957zms1xDBgPPOe38+Jwvp8vl2o/8e/693IfcNs8eOa33LdPDkNP5O6fJeexzpmdObzqD5ZjedgiCSsrm83eOy8Ca689lSE9Dzu/ZNMZbbgZDfxvnvdxH83nt8SMoZEEGz+o3dMfjF+Txxx9PQOg9G9Fg55WIeFsX8Fxfhyv49SwB0+bhY6+7giFvd1y3gBmrtcviPbfeGAO7d8SjWIovQPAz0K4LHmTgl8IrNMj79DGBnyDEb9VTEzDqPpjxuTEYepJxbVdDvAU7yI3gWv0YmSYZqjFBwvclMf9zTHZ8d/fueMBtNFt7eWOZ/a5nJrSunbXULbFnYDAOAo6jDPumG9SHcKRKKw/IZvzIg3qp4f+8v5zwSA+v8p5INX/ls1KcsG3sNENZpzcwXon9w+hEl6zk1xwAmkRA8D3KM1JIjBClkia5xuenHUeiXj59LqDcTy1kBnh5gcbLNB45zE9rvAxtmM+EXs+/57V8Ih955PIS09nnecH7uQ7z5Hzm8bf3DDmvcYYMqDlvLifdfNkf0ziCk5dzeS8v3yy5rJzduubX47VAYlwuRzpYd86f22z5Wcr0fganl5ftPfPkfJZvnCBoHZZju3MdXs8HRtUUuQ25ffPb8vL25votL31Tc0e8YQHzgwphZ2ycTXKpi2YDDo0nWM7UwsZHfv+n6tqQA9GRIC2O4y3m4vbLYxOCoLO+XQgBaDDisk39MTN8Lp5lBnTz8mVswDS/lgvwu/JOvULF9J97sxDZDX5kgynASD2X9rrMmScQfIrZyc89itHsUhTkZ47FO9bdEKtTaSaic6wImUS60drxMDaRz9Zp9gJgummSJiEOmynwHMz0w+e3xpZ1PXHVig6GlXOaP9UIvFM2sz6tjOCaUGHLH9v4lOa/+59XqL4SRRsnGGYx06006DqYYRDsOO/BfVt3x/YhBsOtvBiCvCZB0DitAsnSnoPqNBlCx8VCV4ggAV68sDtuWbvYohN+Vts/X/j573qWTOYzs8yVJRHrETS8lsHM65HLybySAcL0/jZtZtAcZ9rMwPPbkMsynWF+GtM5AanXGvXwSkZKNpq1yIMChME2W77p7dP8ur1nfD68fqUwP5337UNucy7fs+2z/PntzHW/vFzjsyTmPdvwSuHl6TIAmt66DPnsb9PnYHy+fqXyc79z+vlp/P1SSTnFy85O8/f396dY7ZJE2zy1zXgNh4AMCXjdxf+lLXWxoZWp+ikeBrwuYJxBUn1hDNsqUpzGS8oyJMLGLl4QhjQXMvgaJPdTnBO7CjjzAzOY6uTV5p2DUI5qncwY53wcRvyrbfXxwjl+TM7EDTiIfQNu7YdJPwxvD3fWxX5elF0AHjbO6AXHAVSmOviQYBtDAhBB7zG40R+Bq5euXB2di7sTuFUcLGRJiArFAKQuNW7In+CCEwsXMlC7L/JcI2ypX1EvU1QzX2+G+NON7ckulH3yYueJc/GDw8djK28KVK/kTyYzXKYBtE9DMPQ299MiYkpTMmT/6RWoCi7rXZgmmMxRbZCpVedoNuJ7LKjIBDJz3oJSs5LMJBoQK8FkAJDRXi5NeE/QyYBh24zLIf+2zHx4zzq9l+vP1xlYcn5nqPVy7L4k7sDmahPt+2yXdRoyANg2j1xPPpvOw3uCucF6MqjYDsswfQ7ez0eOUwrL/fFsv00zP19Om8+5DT8pjWlffj9fz8+f43LZ+ZzT5Ot/yjlJgD8ug510qYveZP0Kub7RyRCn1+sdGmKzNZOGPIiovNgX9a2J57fvjfuQjBq3XBZjcL/mD48MjuFEtSFes2p54EmfV/4EinFMBmLNj6v6v3u8NmyJaec99CR9wJiCucLGNH0EqtjjFz7kDGsmhf5BBJmvMKXbvXRl9E8divdefW1i43OkO6h6j3Q7hkZi35FjcdXmvmjrbItrYeDnR/l4+EWb4uuA55wF0+jRTp+JzVetiwULF/CRIJpDnV9CPhuSSqNu9IF8fzPueOPCBKXXBGR8nWkfwl5qobH+EqI142ZLcSa/cKBB7Be/91Ac7cRtfDOScZJsyaS5j7RPM0xQm3cNbgLtibP/Sr0CIGDYx46Em8jabZpEG05VBAHA3c50OuCoJg+rBAUlFZlZoDBefbcrRTQAVg8uk81neNNm6SMDkE2a/9uycjrvyU8Cl2lsi8E0OVhHBhTTKvFpj6gJmjZvBtNo/KwUqHG0wTwGyzJfBjavrcu+5Xrsg3Wbxt/en99my7EO73u2PA/ryOXkskxjvMfLy7CcWgg/EQAlgIfT/w5/NS7UIFpL7gaMcesameVK8t85GLczrlmCVLRiMVb1++PUmeEYgiu2nR3CbZbsMRW/dtsb06yhWiIlmQsZ+N4lMPHVSTzIOandaJsylq0T9NzsTWATkuwFnuPirkeeBNmXxxlWc1y0oiteh9urcyi7MIGML58cia9+75GoGxmKqxZ2xOYlC+LmdauRFiMe+/tdIEZr9LFeuHXsFKpDZrpapqNvaQM+8pLm70VpKtX4Ir8D1rTDobBRtJRDoLgQQf2ketHK8EE/hpXW2DJAGj3eKNQahlp0KT71/ediQLs/lCRp/a/7Htt0iWmnkv0gIKBu0YK0C3To4Fpprt+Av8RrVixKa4bYbp4EfiKqD65kULLLy6oEGK8FvRx8510Bce+99yYzF2d+NQcTOGT+zPj5t3nN433BQOAyjYBhvMF4f+eZTUHF61yW93O6DGJZWnPEZRC0lVyVYDMImVbwyRMHuQ3G5yGyeXJ7rCf3NYO+ZZt+flm5HPMZbGu+b5z1ZzCtVfCzX/8oAJrItYcuBRIA9ZLrou1rr12GxOLyfl5Jnl0zL7NGrz978+Wxg6Vw33zoiTgEKD7TtZSbEHEBXm67me0hPdpDDkxjLPwCBR5nqjm9nv6ZGwKj6Ul3BEA1nEcZph4+zQzu1ucwZTkaHUuWMhxmkoOtLGPPwXjNNdcnfn5h6Gz87cOPxX3Mgp/Emez1rPw4tvNQ/ACD5xt//q140umMFeuxqzw2FkvODsSKtjOxrnd5XLrpirh4TWdoy66XtYr8aduEXIJgAPlmAQolQ+XACxkEOD9faV7a2d7E2LaJlwBG1P2Ze/gqr+wk+usvHIg9HUz6YI2fDCdz4xMAkgDGq8STXxB0aCxo8FsvRIvGx+KmizGMZRKkNX2Szg8AZVyBRSBQGhMkjNOeTyA0yPwyvO+7Ji/+ziEDgvkFBK9znMAiqAiq5jFNBipBYj6IeO09gct468xAkvNap/d///d/PzkkcB9dh8QaWGdwtQ6DfbI822K7jM9ALOjm4D3LN51pPDIg5jZkkDadNDJtbmMux7hcRo6rxfNPBEA7JMor8fX19aWZYF+Kz3/+87G+fwNrhVn9wL/2GazfEZ9WUFoLR+sGPMT23BT/+72P8DKr8OYBjDXH3U+MRu/VHXzDNRB+6aW6MISjfpsw9wJVpD/Aj/dJG1yBWh793oOPxHcY+tf1LIgTY+eimVnu1h7gauxI/Iu3Xh9NS6fit//miRgYPBzPYBA9g36zDyenF020xVtveU1cuWV5PE85nz64Dy8oJ+LGBf1xR9/KePuWq9AxzkY3elMWkABrk0mW1tDYCZfKFpqCoI2sgCHsxD9BsCK9cuOfPfhhcJ7CfZ4rnwqVvQAXzGKb3c3uFPccyX7hG4/HYDt6kHYmirTtqxCZtCYwD/1ymJukP64Fd3VUc2nXYEC9obsr+rnTQfomd5I7zyDgzQcdjf0FPj0yK/Wp3snrSAUV7wksGZysPkuPSmSGfM90GYTSDf4IMAJLjheAPDLYmDcf5sngle8LMg7DdSLwzne+MwGyukslUoP35dE8nHXSxNUUglo+BGTTWbZn22K7rNff1mXa3A/LF/gNWQpNF/yxHuknEAuKHrUcfiIASpxMFLef0y/YkSNH0vpgPVpc9trXJumvzrEifLCItZydbQyKea+nl7WyHOxsnGiAkB6jjbH3+cHY0w4ArmyFwC99lS4MAWFCpRafn4zpySh+qpU5PTIeuweOx/34MVu2dk384gfe4yAunmFC5x/ufjTNiHyJ85fuByr5EDT3romZc0x0MLnxwWtuiHev7IrebtZzgqL3Htwbo3u3IQUtwst2e9ywaWlc1MCGLTg/ncXAVyCZxJFCCx+LZpheHVpqG39T+/gj8Lm2xCZeyCBMCUMVO05b49DRGB46AIhnMLZIRUf69KE4hjnQaRcN+36oBjmLHsD1kAYx3eGvukABFEm5Euc9CkEiX4nLrGs3rWBnBpaj4bl8Fn1g5UlZQHUhv88CgO+320Vq7iUwei8zv2tMXUvrbKuA8tGPfjTuZUicl2n93u/9XgJLQTCXqZ7uN37jN9IaWIFGpwV6SMnDZ8HC4eudd94Zf/Znf5bWHFu2+fv6+pIjgfe85z1JGhVobJ/l6KbfXeAEKZetffzjH0/tENCU0JQGLddydET6yU9+Mjl38L7le/4Am5rpqEAgVb9pf80n+AloTnDqykpJWGcObg/gh0CHCffff3/y+uLyvjwZow5ScPSQlrUKhD8RACW+wQchASWum8ZImOfw/XXRNVdHp8auiksemHY0s5KhfvYc9q49MTuO7kLXKO4tMt0SE+xs/cN7X4jeN18c3TAAKrILGF4OJTAgMp/Sn6ELw+ZHnnw8etD//OIvvSdNfgiMPW3Ncdubro9vf+YFLgD2hSz+ZTe8iRUL4x233hA/s7QxXkO6PrCwgcKGANI9p0AAJkFi76noXn06LlrUiwyMIgA6VeCW4RjT5s7ysrEAuFChe0K/ec10CJy1gGS8IEEaSCmlQLc4qLiuFwB5lbicAqy27Twcjz+9LY43I/mp/2tCqnPdYAsfPZcCGaRzOoh3xYfQ7hfICSJXiuA8YeVi9H99/GSmfZqhcKMzLpk05KgmyOwGJRh1a0pMejXRy7Ngkj/6MrbXmbHvueeeNPvqOmAnJfSTJ7CZTjAxCIDuo6skqZTohOHtt9+eRlACjX71fuu3fis5DlXCEjiUMK3D47d/+7fTHiVO1Kh3F9A8BF738BWUH3jggQTY7pkrGAvA5tXhqENl1yrnIawg6ojNulVdybuC4Ic//OFUrvkER/usLz+3B7DMvXv3po2hPvvZz6a8OjWwLPvn/ihf+MIX0gdBV2KCqG2s1fATATB3yg760P066a7GL+P/jN+vjRv742Zmic9hCT3N16ljgnlMmHdFU0cMwqy7m5n5c6P0ocF4HetkJ04fiofw7PGHxw7E29avib+I04mZ9H2nU67GKZrDzKgSgQsFzvHCT6RZQXgHBmllqNSA/aGmJxOImWdI2oTk0IqerEUgVpKTFx3Hypz8pxnp0AZ5AuZhIj9JeC3UhbAVQ6Qx6UIQvHWK/U5xw3SKoh4n7d9Nr4gn2fvzRiTZ13J/HUzeNd4Vp0Ya4u9aVkXb1NFoHtgad7x2TXzgqi1IiEhx4zhIoMo9gPthzn8Dre7e9ly8Fru3m9o2xs+1bI7pc0fjaOsxZlCZTR9fGprHTYOlL4CTz6J4fPrc2TjXNoOeMKKftl1JHy6iM6txNFDP5EnM9NJXIhUU1S6w/IzN/9K/Cj5omiSUQn5WbCBqAjwc6hMFmg5aKK28TEdFs8gd7qqFdIjtNBF6Honj6gzrw35vuPk4utFhlkHizcPljGdZn+bSPpIcJskXtp2NL52Yift7VpEeArdQf9IpAHzi3AY6yMchBhnCjXbG5jMQiue9k1dlugkdXDt2A6deiCug5XtveAf9ome8M6ebOqEv3lnI+tMISlMGP/ICkYdgYry/ZWzvKS0ZBEo9lQgaSkK6hlLCM63Bs0AoaAp8BssTPByCOnL6kz/5kxeBTH4SPHMd2fxGZ6iWr7stF/0bBCiBSimvr68vuaSynZYrwCm9aR5jG3N5gp5AmIesemi2Pn37OYtsWwQ709kn7xksz43OBVrrsAyB3nJ0K2U/bfvHPvax9BFRMLJttQqCvKE/OfhAJapfH912uyu9ThCN/853vh2r1qyOJX0b0PnAKBq4AlLqBbmKq/v644mnDkbPRVfHO2/qiiPfmYxHd7Bc7slj8c0RpvbfdBmp8JUHu5oH15EVKwhWWjSiJ2oC/JR4HPqlISA6o7pGvjicZ9EJsUUTbfNF9QVk+kLdkRwtaGqjYUjtohwZnfS2y5+NmFZgncevOpiqsi1l4LZJnaWD8xYwYnNXe5wcmYnB6eEYxWnBNtwZ97d0xYkRvOeOHIzVzIP8Dx+4IxnzTGD15vYBs7RvguUiyhl7kf6eP4DfND4Ereem47LNS+PSizWtqQMDWvnXEmM0YdeRmXj+0dF49OTh+Nbx/XGcjaYSuAE+G9o6447eZTG1YS321U2A4vJo0Sgx6dHoDf8x4KA2rdor0OXfChD6eE3LlR5X/DiYVEPtHHxefDAcXvrkdMM1ja6NNZIMySncrzt6Sm6mvAJrAy1v9JmxTWodxPd7c4Lb9+4YicePHo9nMPxOQ1sb4TNR+hMEsa0MZ4G1K7JdPOdjOBacogB3Qgk9BEHD6OqOW9ctjMXoUjupWAdbviPmOt8gQxsyAMq8SoJKbDK58f525rS/vz8NiQUyh5I5KEVmySnHCSIGzx4ChYfgZdCrs1JkFiZcYKBOzyGn0pfAJ9harun0J/i+970vgYxxBs8ClGUKfvKgAOvwXPAzWL4OSwQtZ6/t214kOttiuwUxpUV95jm8tcx8z/z+lg4Con4A+vr6kn5USVUQlfeljaNAJ0ZdLuuwPAOoZdRS+EcB0K+aL4UP1d96vfULpzHmpz/1H2PDxk1s/bg2bZDuOwwy8b4DW7wPDed4oVeuiKFntsbsltfFrV07od8AADhjSURBVNcvj9PHO+JQdx1Lv47FH35lJH72za+PUT4+awQ7jnbyNfrA0SdivZReegFDyY1BEIIMjMN/vonUZbvcnc0XD8aCmRqQFpyjlGMrrx7JuLYkz76m3q+v2wfwuekTXq+R/FIhTQxTydQGUFyBgPLzl26I4994MJ6594m46I1vQcfZFd+gT3f+9d1xBdtdXrF2eVxJec5LttPaFnR6U3XjMQYoj9DW544NxlPbT8ZCnM72LVsQm/vXwMbiUAfVYX5Brn1Mlz54cDC2Hx7GqWpTHF/aRwMhpF1Aqt2FpPb3AzNx8NT+uH1Db2xCt3pjB0poAc3O0E9NiiqA57UhZeYsJPKI+S8GurrMTHUOMQk8plRG8j4lOX1m0l/dJIRgQAiDAIkyCYcrYxboQLfOnX0bcfvVFGeRXE9SzNefORr3HDsR34J5Kitd+BhaqaK8oGfhHqdsBFSwUiTX09rRGIX7sASAON59U0dLvPniy5PpC57p5j5Q5K10mHN1QWbPExgCoQBy5513pmGdjJ+DgKeL+7/9279N0pjxAkAO8oIgMT+P97z2yADo2cOghCffODwWhAQNAbCvry8NwdXb/cEf/EGSPAUedZHynUcGF/nP9nsWzLz3mc985kXwU5qzPL03K53qeNWg9KnOUl+G5vN81113pUlNnaAq7UqLHDKIulGTnqtVD1i2+5UoAAnAtkmTIoHQSdJaDf8oANoxOy+BfJhOhqgU1Rnk6PBg3PmZ/xq3vPlt0Ym4PovPtjqIM8yeD018oVZ1dLF/8OlYyybqQzun4pKr2Tbz526OiYceiAePnon9Z9vjU//5G/ELb7wxFlzWw1COoSjM0Ir05ibraMYSb1Aqv+USzSwqXkhwqBUdjGHlYV69xLCVM9P6Mi4Hrx//ADvuNjKEa+AQJ5PpWZOeMHDPP4uPM9bmut3nBKs0xlBbNuCmfhpHnWu7cXDAKo2dhwbjw5/8L7Gd4Xnvkk2xedPmuKhxT7wVExiqYRac4TnNmwacR4lgIBx7B8/G1h04qmzsjiUYD1/TvyTWAvQM3mmT/qSZFGJ09d2dx6ER+yyweuYU0mNyAspdy8VzLNdNsZMv7k5Ma07uOBGvmV4dqzZM4D6LjaMpSYhTHnPxREI01AM8KA4erdIZ0S4+8TxJGz23KAkSksWJP0juiyBsGuqhU3L8QL88K6nVc1hscmAKkk7Q1AEud3Hcte9kfOrQ/phS1+teH9atHlMAVPLzgybAWNYoEhjvE83mHkzHpBnKUu7Z56l4fUdrvJFlb5eTDA1itLHaBr8TpJnLr7hfZZCx1f0ZlGIMGVAEgQxYSlP6+lPC0Vu0Q0Vnid2gKAOao6Kc3nKylJZB0DhDTq9U5iEQCmAOWy3DDZqULn/zN38z6efccEipThC2jZaXpTvBy+GxbbU+r5UcHZIalCZfy8Tku971rujv74++vr4XJUjB0FVd1mleAf3zn/98/M7v/E4qzzblYJutRwewThDZPtsuKN97773xwgsvvNguBSHbq7RZiyG/86/YdgmVv2gSTsJLdP3+K8JPMLy593vfj0//+V/E3n2HeAt4UwHArrbuxEyXLFse69kmMk6eiG4kIytbRpkffdMNcXtPC44RFkQTu8h97Xv3x+fveyFJEnsRSzSiHYFVlfoasDVrxQasneFnK8vJupAD25mSaEFZzv5C0ejB1GMTSj4GwxwO/xg+c3a4pmPOZsCsGQWgQkY97z1NifqzSo/dSDuLY2imJQ4AgAfaG+Ievs4f/i9fjO9i97dsUV38q597a7zm8htjYc/meMPlb4xj9Z3YMrfHL7/hiuijsCXTtGsKJIN5lWo0Cd+NRPnt7XviyV17UR6Nx5Y1i+L1l7AEkHa1kcKeydNPbNsbX9mzPx6Grqc6AA7FrwnK0RvyFHTDvCjqEbHaMLtpWBT34IH7E08cii/v2BsPsfnUXnp4EvgbAgqn8C6DYpR8c3knoTZr+axHrKHL+lyGekgzJKEoVqUABGIUSZOKj3uNAGg9bWCSmlEsKwbmjjr1fOoSobUj3GEwawdN/XfffiD+aOuzMaUjDJxfRBtaOkAbL6hUQO1J90BeAFQ30hcPN0cvJlFifPL03E5BLTwU90jhAV3Mxlq3rl+ePIgvEh/5MKSNWKgrSZOcfhpBCcYPu6CoROPw0+GioCMYCCCCRDYHUe9tkB8y+Hk2fw4Ch3GvFAQUJzYMSo8KFE463HbbbWml1ZYtW9KQVIlMIeNtb3tbAiHBR6kxBwHcNsqblmO7/G29ts09epUgNeex7fZFaddyleYcGptOMFN68wNgOZZhkCaCryovQV9Q9QNgMK/x0ksc8Cz4KtHWanjp6b1CDyRUJkwmsASSIP8rm79s6uvD1TmK1d//Y7bwuzvOqofgxRrmRYJ1Yx37hhzbfyg2wRhHdm1HgU9cD04kYct/98474uJNuvFui+m2+njs0N74P776zXjsxMk4SN6DQMUpoG4cF1pYywGErYxwBbm6ZDDsfrpJnOHkiG6atk469BY0ye+gN3FZWnKlhKEEQZSBn9Mt61mSuzgOTXXGfgDkWaL/+MFD8R/ufyAOsa73oReejQe2bU/Je5atiZHZrnhy3/HYwizw/3jz8lhJYboybXF+2A0y+D/Kfh8D1P7Q7mOxdffRWIEEfNXynrh5c29aE2xPbD/wkFaY7Do6GIdGeXnUsekmp4M72RBYfSrlpYkEJOtoNhfn+qb49/c/G3/68Pa4B1fU26l3H8dJwHNcg3PzKIEpfakr5Z5BKfgl1qwAo+RQhkZpkQ6NbZIoicSayhAZ3awEQJ5FopsG1I4xmXKUpvz9tqPxbz7ztXiGD0mgF41REU3QFtzI4/IZPV87gaLD2ORDH7fr5xgFpL1R7B/1NQPNbKPgV+l1LA+8bf26WE32hWRjhMw9ynEyxcmvOSYltuqQh3oysIyvZKSU53H77ben3drcnMj4+YCWJTn5QJ7wcAiag7ySQ05rXI7XbOTjH/942rPCdDmNv22Tur1PfOITaTj8l3/5lwnkbKMhS6vynqCVJ2aee+651AZBWJAU1AUpwVbgymBsG9RBuh+HgGc5AqN6RNdAW77xBoUcyxE0PQRR2zp/OO5v43K6+X1JhdTQH96sHx/mE9BOSzgfvET62TvuiAe/972487OfiyOnh9MU/vXozC67ZHN09CxEP8RQli/4NTyIRuzj2ljStBQhZ/IshGaDmwWsmLjpKnaKalwWD+4biePonXbwIvzdP9wd7754c7zrui2xaLI5NsDPi+CfdoaD8lA9ICdnsOlanGnmJUTamsG0orERSTFNjFSYWSnQAbBbTDbIQAyh6mBODbbFxD04Kz0Gg51Ein1477n49uGTsXeKPc/Y1Gj97GB0j40iyLQzYGVWds/JGGcXsz4kxJ+5AscFxDmIRVaiLdKvOc42t6Uh4cNHhuLuxw/zUrdFH7qst1+9OG7iA6oX5UbG3rYOq8EY3IsyG7+JyRZohhkXf0/MMZReGFTYsUwuAP6K9ERdOlJky9FYdGl8fbAhvv6tZ+Nf9PfFmzcuZtkdQ0a8NWBiGW0Uo8WI3wjtDCuKAr/wau4cfLOLW/pHOvqAnMc9aJSAk7OTFQTl1HFuiYHOZUzyxd8Gs332H56Np1jrvLt3LaAEMJ0lQfdyQJA6XDtoJiU/QSE9L86CPM9nGIAf93nwvCqbHUFhdpRzCHzHpvVxNVPfvZJVwpuX2f5UlhKl+X5KQeYVOLR5U1/mEE6JRmBQAjJ4rXQjEChROXng+y+gCE7yhGnkC4MSZJ7IsGyBIUuIDmMFQXVv6u3ca0eTGoePluMMr9KdhzO6nrVRNOTyBWyPDD620/IFMoP3crCdhnxWMswzz4Kd+Wyrpi32Ibczt1n6yOcZAyzLNKbNwd+W//9bALSjmTi+GAa/VhJCwvzW//LhePTxJ+PIPffFyJmR+MCv/Ep881vfYAiMNAMgXIZgcGz33li/cmmcOHUsjiEt9PNgK4a+MwyPI1Zfsz6WblgRX376qTjOrKnbJX5x98n44jPfig9dd0NcuagrNi7C9T66ok54QY3eNOO1hw4Pxl27DsfZ08cRnGbjcsxqruhfHctbWLMJ7Dkz6pDTiQ84B7CquLFKrwgKsyfP1MXWPRE/4CXci1OHHWknsrHYgh5uHcPOf/vuNyWmf47nfR+erfd0LoxLAKrXb26JiygtzSdjYnIWM5zZ1o44Qi0/PDIcf/4P2wEqXGEND8Ula9rj7X3oRnAO2s4MZyNSHYulEgju3304Bo5j0rJyDc2DEL5XokwSe4IJgAaGt6CAHpIVcZXKZgEKj5ZVoJHDxsn4Er729+zfE5djVHlj35LYtHg2+hc2Ip0K0sKaVHBSw38aWeuoP7UeigiDBlHcLdxJi24xWc0Qg7UPhkro+pDinj94Op7Zuiu+tP0Iw3XQdjEaOr29Kv3Z9hOgrtKfM7wMl7spExLTRiiugjIBIWvDW/kouYyETY7SBkhTDsyn4pfQE79hQ0/0Eu0uoBpGz/ClqlN6hJfBcQL5Ulv9XV3IjC5Y+G4LLkpG7lKW71my4JCBRSbPw0DBz3QZOCxH3shSlmkzfwicGbzkF4ed5tOG7w4ECM1qXGOvfeC9996bJkkEE8syTklUVVMO3tMxg/VZnkNqJT+Bzb4I1pYpwHmd22p+dXWCrvcENtvW39+fDL0tKw+zBWODfbCMDKDWnQ/v53bmeoyrxfCPflIlzvwg4XJo7+iMP/vTv4if+8X3xTPPPhWH8ZD86//mf4rf/YM/irY1l6LUD2Y/V6R3dqYZoxXMOE7DwJ1+GXnI7oOB7BPX9bAP7s2vizYMaO86zG5SRuJr8IvP7ouHGYYtQhq69uo+vF+gy8P79PZtB+L/fHhfDLfChPWwGhsUbXr0cLwONc1NV/JQexoD2EnMDT8lKe4cuq2T6BP348tq4NiJeOzppjiJXnFb4xnaBYdNDsatK5bF+/s3xbXo/tbCcCxeiS89PRa7lHKYNFm3oid8HZULp9AbzmDkew73NgPEPXrS1Q9j8RhtubqrKd509WXx9svZtAV06HSYPI3EiPQzge9Ev81NbIY0oV7NISSK/7QsTAa3LsxGpnj50tAauqUJgCnLECzo0WRvBWym+GAwDH4SOj515HQ8fORwLGdm/BffdFUsI9ty1tixXxeSJm760cV2IBZ2AItKfJUZcRT5tFBHW2eRjAdp+2nqtd+DiNt7zs5Q5pn4zt6DMQCgJxDrX0dbkTic0XWIPCpAkcHd3bju5HcT5kTDoiLRCbQEcUEQPeBUO/2oYxQAEKb9TyZH421LeuJXtlwcq+m6Q1/JMM1ztkhNoBrI24wkWM+kzPkGQcHge5x1aZ6VxBw2yvgyveBn2gxo6ui8Z5zp1d+5t7CSnZKY0p/XDj8FT4eiriIRINQlupVm3oNYaezXf/3Xk3srQc7VIq6v1zbPfJYpqDnLmjdksm6BSxD1txKjOjpnkgU20xqvsbOSphKrgJiBV9D1t+UJ2kqwLrGzP/62/4b5gG38fP4X9LxvPdJPsMz0SZlr8E96RattdyPS0tKly+I//smn45d/9V/HwQPPx+PPPhnvfd+/jP/0V1+L5RvXxeLOnhg4NxR7h0diz8hEtOAaSlmSeaxYgEflZpiiAd2VoPDBjSvjnRw/3D8S33vgyRgePR0T3YtwKT8UOx58MgZ/yHaDsMSGVUtxxrIOaYPBKBKGNoDbx4fjxC6ko84zUd/fzgyrLzK8xLDr+OkpXM8fiueOHIoBJk86uti7GAPcZQByE5LIyrXdccNlV8aNLM/rg1dXwiPYIcdJ8OWRbVt5mdAVjpyK27ZchgTHOkmmEs4gRyljDYBfh9F13b31VHxp6/ZY3Ls4Nq3GA8xVy2ININQJ8PGmkNbGcEIXKb43dy2MroW0VwNu9HoVBb8fGw7SDPGSpd9OLFV4lnh+q8vUri6VRdpGDpKq4dvOC74detz3V3exg1prXLZ0UaxnaLdmQUesWNCN0DaTdJFOFqkTrEPadDe3CcDsOAaJRwYnYoBp8AN48nkON10PCHoOOx1itaKIV4pTrnRYbhsc5ibgo11OVlBOCwxyivMsH5e5B0Cbfc1Iz0x2uHXqBADoUL55Mm7Af+B7MajfBBmWc9vuKeQ5Y+3HyxpVZtQDgup9uVV1kPFleId3jmQEJ8HLOBlaxjZkps4Sj+e8+5ugIsApaTl01pbOiQhndQUn6xAkrKOvr2Li4nDWMrxnGqU7AUsAue2222LXrl1JF5frdhIjD7GVPG2fbbJc450YESgFLVek6N7LtptOf4duzm4dtlkbQ6VLQdX0ArR9vuGGG5I+Ud2n7Zov7dq/DG7SyXpNI72s37ZYVwbDRLQa/XNeAFiPVDHLJkivv+na+MhH/m384R/9buw7vCdOYSv37ve8L/7moft4UF1AFgamrcuYHWWPzjlCdaKg7x4/E50wWCcbBC0ACJfAlqu4f+XazvjVta+P7+89Gd/Gw0pjT3OcwMHmEfVkMNOucWyy3FejeTESFHCCZKX5xanx0bj3gaNx15ePxUXY3SnxDI2cRjChBeza1sgXdDnMXMdw9/r2sVi9ojlWXrU5elexATYSy3LgrZcXqQkdlrbGh0anYvvZ03GoGc5kuvlGcGAZ7NiKNDnAygRYOPYPTcT/9d2j8cC+w7EJf4f9K1rixo0dcTlqpEV6SzlLmx0q4vVYwxzNr8eY3e1Yxgbq+9CUugwEg+IEgoJNPeCgslNwYWY6AaTSVoIDylOSmiSfwOhvEcMjmYmYn3xr1mNTWB8HGLo2HhyNBc8dizZmdtvRl6oDHW4hHS8xPAm+YRrCBMss7dOH36QA1opdmLPJjcjRAqwTMrzwaZmaM7wirsikBGg7Uls5U+BJTIuS3YqzwqaxXYKlC4TVca7lPMlk2cx43IaR93s39McNC/EMSfbkI5ci/QbQUw4vBED+0VeZjmRVBxlWKUomFqAMMrrDvzzkFUhk8AyC1umhrZvDViW/PGlgvPo6g+ValhKTYOqsq2YkxhunBKkZikvVjHMoLHgJKvODbdOUxTW7luN90xsEIdvt2boELc1TPvKRjyQdvO2yH06o3HnnnemYX7btMJ8rTH7hF34hTbh4P4Of9Vi2krAgaXmZTrZF0PXIQRpZnyBZq4G3/PxCFzq6EZTfH/zV9yNp7YnP/c3nYtuT22PBcqbpFciQ4Max9zoBE921fyCGp1bEZsBoHQq93jSrQf0M+zrQcbmVpBpC5qkSu9/Stziu6HtL7OahffmhZ+LIkIuw4A7tx5xBxB8fdhv8hlGYRNGzyAjvde/KnhhFyhgbOYsOnT16GZK2s3EROBvdizti4dIl8RtLmZkFjUeQQjD1ZtaajViomZTYzbXHLsxIvvrMzjjQIXhNxodufE2a2e5mS89ZbNMO806eGBiNv77ncJxmGLsGw+jeRU1x64aueCt7BC+E+1sEQGdjE5AhFaHo10pRg+nVy+pj0wpeJgA0OQlAEkrSVtr0nL6YT0lrhopgtAR2jik1YnTDIQMgl1BMnBAZRDTt79CjVtzaMJQmzQk9e6BGcAiZJm4AHofkiY4OVZN+jnKtxyD61IP2lme5zubqtcWhLiCScCkBn/VxP4Nw0lNSrjPWfBwDo+a0DYCG5oCgkzRDoyeoZzpuxjXa+5k0u4n1vn20X/Mb+zbLs5x25peK7VblcMBu24w/vyBTGzLTeq1tnlKXUpohn/2dQJd4wcG1tgKITkGcwMjpTGO8QefBGjkLeDosdRgs8KhndMWGQ1+lNAFQsPVeBkFnXJXQBFult76+vlR/vp9BT0nOuKx7/OAHP5hA3XW6lm06y9JkZe/evQm0lDzVJ/b396clrYK+7RT8sl4w90EAlT7mF+AEPYFR6dd2G4wXAJVubUetBt7m8wy82PKqa9z/tw99NLoAmD/9D/85Pvfdb8cos6YzAN/WcXRC6K927TkVX9tzNH65a23ccikPenk7AgRNkEGQIup58V1xMMJweRSmPISO6ywMvOfk6bhp7ZL40Npr4v/euTu+ev8PYnARDCqzO9TS2DaZikygd5yKVawGWcruY72ti2IFkwPrGZau6OmMLiZLWsjCtuyxFulIaagbUJhmvw60YBACKKS+IfRNB3mmXzt8JCbHkDbxZHwb/vwSngEAw8DbYwfG4rv37EDaxR4KxLiIocpbrlwat/a6sA6dG0DXKEigJphFylKIq4eRgLSEL8s53wzAHzo1GV8fANjR06Wp28TxJNYwT8nK2WCZH/+CCeiNTyWQJgWu/ZniPZMeZq1IiJbDtUAJf+qqKv0WbJWgzacUqTMCv+Ia+CVpkjxKJkiNyQYvNZ4y6UvSUVp/BssEVpShFO4EjlIsyfBeQDOtlDjuqYtc0oIOi+f1tiWL4uc398frkPz6aVoLH5RknEm7k/kiaW2abOULao/dFqDSYOlRfXBPG1dkyOBKW4KMEo9gJqi8fFgnQBm8L6PrMUWnBTo9UA9nesFF3ZpAqPSmvs3VGOroBE7jBQslQDdX1xmBw14BR7ARjARD26JOz+VlAqcAZBC4BFzrN4/l5XZ53364Qsu6P/WpTyXP7bbNYa8SomkdSiv1ucLFIbQSpuBnedZtG2yzQ3vTCqDqNZX8DDmNQG4awVC6mU4a1Gqog5h+WqsL5Jzk5Z2FAAoHg+OHAZ2FsW+SPRfqlsUju2biq1tPxBeHUbCytM2JBN4E3MgvYKJgafzaHT3RBnoqyE2NjiMFMpPFkPFJVkfsOHo4dg+fYo3pJGtxx+MNF22I99/+2jjAC3Pf3d+Pbw+1x7HOTbyZMIZGyM4WKo60N8fbAdermQVYxlCuF2bs5Y6vEnOXCYCc72xDGuGdhjfJS/kNbOo+i/nHaPuiOAz7/acdZ+OPn36eT91AvGHdkvjYza/FAQDp8Wjz9BOD8V/34Trp3ABG1MdjNZ6w333jJXFb7yI0g+PRhUTbzAzxDMeEX3jqkcjOTDfByOeweWM3CoC0Lb67Yyjuxb3+48OTsW3G4TAMZ18cNk8ryQFU8r4I1sDQUSvuNPQkjaBjUAJOMDFXkUwrIPpok1RmItPMhQR63EuSH3FewwQpGKcZDrOw6ZwkUR5u+lCRopmH5QwuSRJAm8m6zC4Yehb0BNA0dCaOn2mdNcvifmn54XjHtVfFaxa3MNvO83BiA9XFLFL2DB8a6aK1pCt/0yo58/qMmdxJ/VVnWmXIQ193OHRNqwAjMAk2Mr1A4SFLZOkuV2WcaQUC7+VhpiCibZ4TD5bntTspOswU/ARaAcI85rd8pU63l1CSFKiU+sxvcOjpJIl+CpWurNc6XX1x5MiRNDmi9xqlN0ErB8Hbuqzf7St0aCBQ2Wfbk8HKobnlWY9Hli6V8EyrLtP6lQo1DTL9/GAay9WuUGkwg2kG6/lpa+H3eQOgndRGdQIgmWkcZug6hnygc4Ml8Ym/fjyeGGmNe9AvBSs/UK7xspP4DDoS7PBmbom4tGdRnDuMRftu7OKYoR0dnU5Wak3sBLbXdQsAZw8W1FczhP3XN2yO69l+8uDeo/HpHxyPr0z2wxyUp+TSbvnUo35pjANJo793QbwV04orUf6vR++1vr0LOzns8OC5/fCRPAzEsJE5PA1/iTEn4PXt3Pu1zzwZ2zobY2XbaHz4rdfGG5GaduAf8NkXzsSjTx2IoZbbkE73xtpL8Fpyy6bYgkYQ3xyxZoYSR2lHE7NtTO4MweQOuvxGqj1hGS9C2XHsCofp3QomiNriGUaF9+0fiq+gGD+gQwB1gs60TmLMghuxisBHxkb0nXWUVieUU7AdMAh0XovoBgFN1ExAyu90PZeYtK1s1uR6lJQGpkygJQCmLzll0IQk1ivKAeIJ6NwRSiSHHuk5puK4tk5/e1bStFyYKf1Wz6b0qHTrCpEFs/HlTS1x6dLWWEtUyygVtfCjiTWvrH8eQyp1vTdTCNFJmS22g9sJQdPSFH42QpfzCDK6YKR0IzAp4SgFZUlNcJgfMugZJ8B4bT7zCDZKWVkCyhKXoCVQWKblZRDL8YJgrs/yHE4KOKZVolLvJjCZzvYab5vNb3p/W6fXhhxvnGXZLuPy2mPbbZmW53DWukyrRKn0ap0G6/LI6a3LsuYHy/W+IC7tLNP2eK7FIF9WHRzhJSECey0X5E8xRuyo62CGlJ3UKHVgdASzF5i5GQLrF05dGF5YVJK/oG3bE/tj++QAiriJ6ERyXEkUDliiF5s/P25bOjpjAVLcenztXboykt2go+WLVy6P917HbNZevo7w5wgv4wx5JgHAASSpAZafnWSp2LHjB+PrB7bFQ+jMNgCo16zvj0tYZ7qQWWAZDDtlMS+NFtmxMwZOjAUOTWI3dbThxr3zzMm4hPrXAX4HzszE//Odh2LXxCK29V0Zl5w7FsvYyvL1tyxEwmRxOLLLsiRfwkD6v4MGkKcyGuQsoVV5pkhAoQWpye+CI9HGFWDDQqZhZoYwAzocO/yiJF2f3I8I5NBTKS/pBzlL9ER4H4C1GCrMQCJ+kkepjGISuuFGK1VsmaQ750SLYOVLy8v7YlYzOGROLzP3DTBEAkAlSQ2ksZlkHSE3+G3div5p9QnPOTWBOkyrnlIHsYIvEyE/w74p11zVGNeSU/hOH5ykU6AepEzVAwYNs+ltmjtJtErR/BGY5tKkhFX+yWCVmd5iXq7Dkskz4MyvRiCS0b2fgSGXY1wuW+AwnYdAaTCv4GI6wc/fOd6ylPbyEDwDXL6fAdDrDDSWYz3eM+S6zSv42iclW4PX88vIYOg9QSyXYxmmM87ycxv9bbmG3Dbbm+tMN2r0z3lJgIKcLNWMbZ/Gx4kfeH2PAwRHiP/3X3wkHp7piVMcwRraxMQO21wTJzMOsesVkxlXdE3GujZmZZtGcTc1FZeib9u8bGGsQjqsLByDuUiuLl7TOet1CaleW3h6qVxxVoFh3+BwPH/4SLxwbCC2D47HcwypXwBlBt3HwwTNSCJLlsfv4lfv7bdsjObuphigrM8+diz+iiVs0w47GaptQV/YdeJw3H7xqnjbW/riqYOz8efffAw/gT2xcfnS+Pslj8Ua9vNo71lMofRJfZ2YQBtnAKd6+8nvymtDkrmQaASK15Pe/XOn1UGaBzQ8xCTPw9v2xUMYeO9Gv/kUtNzP7He0LqBsPiKNdBJD5Ti7D0LQaIHGD4kPIUGs1xzJ7MTGEJ0BMv02GUTrQeRM+kXaLFD6Ox32Y+5QLEyTFxSegceJitbjiGY8P42eXauMM4loBtIaoFsaOkNkjbWnhmLjJLrbZU1xHXueXN/fyww8tnE2tYRCgVcJBeCS6oN85zGbVirIYYjncJ1fcAXnPjZCOjXEUrMJzDaUHGRS9XW4f08AyCqAsSW4h790XdzU1xCXkgLDi6SvUygfw8FqK9Jlve7Q4cu6NJRzLYj6FIqBWVXsz4g6CQ/Yl4R1xws4rr/0oth9dioe2bk/nj81zFCzIY7gk28HbtkHD+JM4MDjcd3Va2IdAPj8U3vj6MMPxvs3XhZLVqPH4wt49MTJGEDvtOfYthgd743Nq1sZTrfHG1sYvvW2xsaVN1QkPUAo6VGYAHBdhVhh+yrS0IsnejMXaKr9mAb4/Zo6qpxBuhPLF2AQfvU1F8d0D0pxVrqcPDIIODskQeLSBMjVKkpbzYCOYKP+rCKCc4a2SgMCmvRI7g8Ew7mnZBy3Up5hyjAddac/GQSVCs2aOkHeNLNekWBSWl1wacg0JfBZNuU4JLVsneGylDBNSk2NxnXMvF+zekncuLobv5CLMTNixhB527cjVWvVJRQKXGAKnBcAwpKJX2aTJKKY7P4WDmOmedkb4uZL18a5Z4/EwGmUsWyMc4qhzqSK/rNDMCIsj7V6nDkYX33qWLQM9kZrL0YwS3vYLrJSbiO2dorf05i9TGJfNgUz16PX0j1WE3UqHTZgp+a6hgoiGs/aSO4NonfazEzwZVeuRzOHt+XjY7Hz4EAcwth3mJFZxzKkv2WNaanXoV1Px0qWuf2razfFSvRTsHccwSD7vq6R+M53vxuPP78q3rTl8njXVcvZ0rIrusUG1iZX2lYBMrKka0HNw3s/LrgiZDJBHrN5tFXArNANRxE8kTduXhm9SxdGZ/uh6MUa++mTw7FT1zdsEJ5Arpsxs8GhrhmdeU31zdWpmZCfJl1MCZB+HV4EQugz1Jlcj6W8gp6A52RHks4pw+F2AkHik30hZXCbwvjvAJb6rNeyHa4r8aG7XMCxcOxkXIVpyxsuWhzXX7QiNpI0LU3k+dVPsgNas584M5dQKHDhKcDrWX1QajEAS7BGknu4wNQEyUFno9diYDwxuRi3VcNxCuYdPMv6CYZ9K9YAItgCfnIQMGSlxplTJ+NbR4/FDtaYXsUqj0uQttZ2o1tjwqOLoWG7ukPKRzXMIZOzRlHGFXg5yft1SkOOJYlq5J57jkxieD0BUyMvxXV4YrhhaT8eZtD1HZ9lyVprnEJXx0ZvOFXojh7AsBv/f5altMmgPZavWR6zzIQdG0dJz/VqJnKWCJlDwzHbsxFh9iUFdQa9+foSsvxIEOr0VshS+kSxCvxVKKjlWycdUMN2BWY+q167kdUrI7Fh59HYNnAKPeQQJnat8dAYrUtDWPtLh8U4g7OvApXmKAn4vOExB4B6gYBGa3GbNQnAsVgmRqCVDgqkYyVQpr8VscUpZ6WVvAVQdXaz1D3B8xCMFfUt+/RAXMwkxbW9PbF5DTP8OH69ZmVn+pDglB1VhRumYuPnMyqhUOBVRIHzAkD7IXt5JABMsyIYaGJCoRQnaNzStzD6Fy2MQ0cPxfBpZvfaW2Nd34roZ4XI8kNnYi8OU3ftO8G2kiOxDfu/p54fjcV7ma1dMMym4z2xoquR9cTtsQYXVb3YkaENS8NrLUHkQ3lVIJ5GQa8kqGt+2WwKABBQxAmXomrVIWbaqIXYV5ye7ond+4/FvkNnY9/pibh04YI4h8cSNFkJgGz7KVw8TbYsYoJlSaojSUk6IWAmVmxQIT1f4lOZnK+5/WNDhV7STPhgnSsUrDh8t83M8EHHCfqhEHYrxtIb0Ynu3NMZOw6fxmj3ZDykFhTFdpIGtYXMEqDo7bX9zMGG2lpBzgIZ7o4wczQBqOmuzwnrFG8ebQAFOyVLpchsqJ7Aj2vjkOIqdQh8R2Nt3RieaJrjNagONi/rjJs3ssIFOjQxHNadvcsUk74S4tdpoJ0ox6mEQoFXAQXOaxIEWSgxsa+1TFyn8Wuy/wJXmbEcwXRiHInPARkq83TIZ2MMmephKvzepuHpdhbcP35gILadmI796Om2umyK5XRKk4sBvYt72qO/m+VS7fW41KpL9n31nc0xhnsoh7uNmI00kc719bA/VjG2BRc/gOAYUtqZEfR+bHA+ytK2kTGkr7Nj8XcsQdtjarzY0GiW4k3j5++SuA6HCO3MKB8/Nhxfvx9PN6fH4+2vvynesbmNpXJowMaPMIvH8qT61VzR/zT0TD//P/0Rb8bpO/PWQIH+WRwiAtwCg6KnqAhCqlZQytVLNj4K0IXiWQfyHj54JL4+2x7P7T8Re48cj+PoNM+glxxHN+icRWWihFLVBzqsFfT4n4LgJkCOaz8GjdMXwTvEm0bJUbBj6WDF7s54AcxPDIfEHW+JfvZEWYwPx/4FzXEpkvNlvUvislVtsYAyegBR5jPBUspBIk34R9sc9jdw3cBMYwmFAq8WCpwXALJGIgkb6sy0/MMneoVZHJYhlczgGHMakxdYKOnsEwMwPG5EVziLDnAE0xgHf/qKPk6abUPTeDU5GtthMITDeJBJgEZEt06kie7xiehi+VYPDLq0Ffur5W3s2AYgwsQtgBArfNmTGEeONGMCl/wz6KZcVTLO+tMx9vI9BVCcxPnCEMysycXq2aVIjc1xDk/Ml29eFd97bisZR+NnN6xmg/fGGNpzME7sGYibb7g5Xn/9Gtz76wWG7o0NxVLAtqOOKxheAMxmBEp/hiwJpouX/THFOfogpGjyofLAzdDFlpQ7DeUFIWIAMS/dKF3tqt6ywOZ4jrT7TuK44PhRZo7P4eFmiMmawWBvpTjBbPdx1/wl0xk+OxoOJxBMIh45KcShq9K6Ep+BfCl+DrQS+KWnxg2f6QQSJ9nXd/fELZg/bGB5oPsbr2WVwTpUej7/dopq5fngxIWWAu5ImjNI5U5SKYGnwQH3VEeUUCjwaqHAeQGguirZKkkx6VMPW8uxabgFpzozySm9/ETLGPWJ6RhgAk4z2JM5AGRrZw5mU/mNZinp6Q6MsL/sgWOYCLKWdYj9MBgen8Ty/Az2ferejrPMbrdop1cRba1sCMvhOii/R4an/AlA8BTLsWbRe7lb24r2zljY3RU9GETf2t2R7PDautti5QYcNZwcied2Hopz6COnj56ILcxOb+jqiduvvTSWIjA5hHayVP9/bUwSLKJ8AUoAzHq/rAekJWBOgjN//kgYh0buFeRkjrSroyxJRqP5T58EIvMbmeiptxzkRS7Vo52l/nGmj/VToBS+78Rw7DhyIo5iJzSId5adJ0bSjPd+JN+j7nQnmOKfMVoBQ1QQ0cCnSwS2HgknQvHRSHXyoRHwVmObtpIlga6mWbUIP30sKVyAJ58r2C9508J2VBxMaPH0VCu20k69+8xCGz8udakzWIbSFfvJf2E3QaoqjBIKBV4tFDgvAETGSv1wnWYa8qRL/4hGHEgulRQwwBwjmCHJhAJH/bG5tECBZhXTMCiL/2dgWIeAelg6CaOipovDbIx9GFdNJ1l7O4ph7xh7U5wdZg8OJDtksORWaxLGnWJVSDPI0MJi/EYAMRmOsja4CUm0Awbu7mafMWzW3rGo4UXPNEwKs69GxFFwYPDUUNQxTdwHSF7K+uGFrl7RaFWwY5vGEc6C9DLbz/nHhZ8EgMnuT4yjgDTJaiGiRJbI/Jik60rcLKAiyOr2X1esLdr5kTeZ6SGtqmLwY6QUjeljHD9zNo4zcXNkBM8gSL1jLLA9x1ric6gFdHb6tdYzOLdhGEv6pagPWgDgFoBvITTvZbH0ig4k60b0tRiAd3Je0bMA34KVfYYXon/ETwitmHvGSZx0EJ8+b8QnGH+RNtLIlAa7pLqkhEKBVwsFzgsAEb0qn3Zf9ySeZK7llVeCgRuUmmQCb88P6r+mXdbFObGP4gIMXlnnSrRMzjB6GmnnHGtMBR1GxYnRBSwDq8nS6Eym06/dJE5Dp5D6mpg5rmPo14gz0RZGqvoUddRnE2wLGMGeHizloVGuzzVuDDdPOooHetJwdBaAWNGIXDqLjOWMp4a/zUvZc6g16eW6zgMArUQrIEnk8WLwt2hh2YIh1zP0y/7Zcj84yFnRoauqJBkCytCHb4FPwqkR/NmojqA/c4fx9lfHLKN4rJhEIj7C8jNnzSETM+yVVRj1iOntSG497MvRS3rtONMkL2dBWo/2Nomt0ZloskSnnJppk4erqyuqDmlp4HNGV1whxNIxDu/6zBuSIiElKX8KBS44BRyBnUeQi8nuGNdXPinVK9/7xAiVnylNZow0HE41OjnSNsfvMiPDKZg9DZQ0wHWMhtlFA0M999xtRJ/kZt0yplJEB0l74FBXYllIE0a6dejlxFEwIZmnWZqjcOsWL8RXm2iz6lmq1YzkqnMCE7VyYwETBCOU6Ta2TXC823LOYttWl9DKgmBmmiUYKLBWHSjfNvxIsFwik8RHX2egibPrxgl8QqFQMuPkhtfQxj5KesnQRkLP9h+MC0Famgp0jTaaD4F75elwIIfcDSluXuuSiK3U3cThxympLSRgmuCiXlajCGXuLuKOxO4dYn7bYnmWbv9cHonrUa6RUXVm4IRKeoIv1U9ECYUCF4wCvvPnEXzlYQykiIQuvOoyUGIizvBP4obMEDme2MQwCee4mRT8SHkqzhP3yoqilUNr0s4m6RL7Qs7wcKUqaplmaGsQ1LRrEyRkMRugwXSqnAtKholTNHGWiTE1EzCNCfxIjGssRVXrYnIzNYGdT2BbDK1xStCE1Odm4nWutyOpy5kTp3OqKtg0ykmB35VeEGUbU4eJ85xalH7M/RIO6af56VAi0VwyJ3hNpE5OsrAcngj6ynDap+IWBMmOj3vtephJJdoMMkFAHaImCxjSOdROujzpL418kIlWOLzAOYJb1vvMLFmnpaRIdLdGpUZfKqU+5WlTpI9ZAr/0dLguoVDg1UGB8wRAO+Frb+BVh5e8SozE74o0AHvAUFxWmJszBirpnsMubyTvTsQnhyPcM6ShIfe8koEbULA3MoPbQFkNoMQYpijDLJETECzNv4Y0dOTK/dcqec3v9j+VMl+UohjSJnaEP5VyUsOpT3DLUqNm1zK7ejMZuwmxz+FgvZMqVlZlmBWlqIuupPbql1AKTb34xbDFLwX7YX3qSR26ztoIU/D/xXv89mH6LZrEW0caeioKpjJJr5G0ThHstKs3komMUjNpUDWkfX8B1TrSC16pQkEvwZt1kY7CZ1AVOKglJh3WKW09bItn6VkBP9MowUo971peCYUCrx4KnKcOUNW7zOhgR0CpDNd81WUQJazK4Aiuk5m8QagYfXCZdjarML9lzGr2IXMlMYiyKKQywypDKv1UJBKHZBryKltUGKwivVmB9RrrP4E48T/Zc3xmwnr0aGKA4Dt3k7RILCzVm3XFAxu26yt6jJtihoztfHWbA0j6oruvSt85vUL4SZMgeoVWVnUiQerZAKHB3xUZz15ViPXiJAk3pYVS8zR+AesBI81jTCmVlWAr15TlrLJpoaeFJhp6zSFBZtB2qv0U1KxXfatAaD/rIXpF+rM1hlSAhdhM6FUxbancS1GVNJVWpOhcT5q4SQ8gE1koFAxLKBR4dVDgvCTAihzk35cYODEUfau88gIfhz770EXJehXWltUIDQP8gdXdKNuF9dMMOWddXM+1h1KHDIhYJmBM4d5+eu6fW6S7vZJ8qWmIzCaD1gMEAp+ztmkcmZGFKItKLdOmZS44gcBe38mXp/OprfXsuiVY4w25vp5lX3OGu7aYnRiox5XFQq8AWF2oSKFOTwg6NICjQkPPSk/CrTH+s0/8sQGeaVpDAx+eOfATll1Op14wybwqRfntMHmOyqlvZk3ZeQ7OmyulVf4JotbpX6XwinQugEt9SiMjd1IB5JB0NCq1mviG9HyNpDbTKXWS0+R+6JTR7aPXpipmMBChhFcNBc5TAsws5guepZlK3zJbJ6ZIrz/xSRrwjuxgcDaxkjJNF/s7zS7MxZkkjYVlHZgvSS8Vtq2soYXZKCqXlpKnMnK+lM3o/zZYnEGQsEp+Km3KqpV5YCIYns8iGU1Tfy5fWZB9uUzNUb1Bhx+CChxUPhxc0Gr7nEOGvgp1UmxuhGd3DU908U6m1VxZduTFeynnf1OybfcjUslXyS9kJWKk80t/cskvxlB3bkYlTpA2GDt358W6K3TLH8ecqsh/UqKEVwsFzhMAXy3dKO0oFCgUKBT4p1Og8vH/p+crOQoFCgUKBWqeAgUAa/4Rlg4UChQKVEuBAoDVUq7kKxQoFKh5ChQArPlHWDpQKFAoUC0FCgBWS7mSr1CgUKDmKVAAsOYfYelAoUChQLUUKABYLeVKvkKBQoGap0ABwJp/hKUDhQKFAtVSoABgtZQr+QoFCgVqngIFAGv+EZYOFAoUClRLgQKA1VKu5CsUKBSoeQoUAKz5R1g6UChQKFAtBQoAVku5kq9QoFCg5ilQALDmH2HpQKFAoUC1FCgAWC3lSr5CgUKBmqdAAcCaf4SlA4UChQLVUqAAYLWUK/kKBQoFap4CBQBr/hGWDhQKFApUS4ECgNVSruQrFCgUqHkKFACs+UdYOlAoUChQLQUKAFZLuZKvUKBQoOYpUACw5h9h6UChQKFAtRQoAFgt5Uq+QoFCgZqnQAHAmn+EpQOFAoUC1VKgAGC1lCv5CgUKBWqeAgUAa/4Rlg4UChQKVEuBAoDVUq7kKxQoFKh5ChQArPlHWDpQKFAoUC0FCgBWS7mSr1CgUKDmKVAAsOYfYelAoUChQLUUKABYLeVKvkKBQoGap0ABwJp/hKUDhQKFAtVSoABgtZQr+QoFCgVqngIFAGv+EZYOFAoUClRLgQKA1VKu5CsUKBSoeQoUAKz5R1g6UChQKFAtBQoAVku5kq9QoFCg5ilQALDmH2HpQKFAoUC1FCgAWC3lSr5CgUKBmqdAAcCaf4SlA4UChQLVUqAAYLWUK/kKBQoFap4CBQBr/hGWDhQKFApUS4ECgNVSruQrFCgUqHkKFACs+UdYOlAoUChQLQUKAFZLuZKvUKBQoOYpUACw5h9h6UChQKFAtRQoAFgt5Uq+QoFCgZqnQAHAmn+EpQOFAoUC1VKgAGC1lCv5CgUKBWqeAgUAa/4Rlg4UChQKVEuBAoDVUq7kKxQoFKh5ChQArPlHWDpQKFAoUC0FCgBWS7mSr1CgUKDmKVAAsOYfYelAoUChQLUUKABYLeVKvkKBQoGap0ABwJp/hKUDhQKFAtVSoABgtZQr+QoFCgVqngIFAGv+EZYOFAoUClRLgQKA1VKu5CsUKBSoeQoUAKz5R1g6UChQKFAtBQoAVku5kq9QoFCg5ilQALDmH2HpQKFAoUC1FCgAWC3lSr5CgUKBmqdAAcCaf4SlA4UChQLVUqAAYLWUK/kKBQoFap4CBQBr/hGWDhQKFApUS4ECgNVSruQrFCgUqHkKFACs+UdYOlAoUChQLQUKAFZLuZKvUKBQoOYpUACw5h9h6UChQKFAtRQoAFgt5Uq+QoFCgZqnQAHAmn+EpQOFAoUC1VKgAGC1lCv5CgUKBWqeAgUAa/4Rlg4UChQKVEuBAoDVUq7kKxQoFKh5ChQArPlHWDpQKFAoUC0FCgBWS7mSr1CgUKDmKVAAsOYfYelAoUChQLUUKABYLeVKvkKBQoGap0ABwJp/hKUDhQKFAtVSoABgtZQr+QoFCgVqngIFAGv+EZYOFAoUClRLgQKA1VKu5CsUKBSoeQoUAKz5R1g6UChQKFAtBQoAVku5kq9QoFCg5ilQALDmH2HpQKFAoUC1FCgAWC3lSr5CgUKBmqdAAcCaf4SlA4UChQLVUqAAYLWUK/kKBQoFap4CBQBr/hGWDhQKFApUS4ECgNVSruQrFCgUqHkKFACs+UdYOlAoUChQLQUKAFZLuZKvUKBQoOYpUACw5h9h6UChQKFAtRQoAFgt5Uq+QoFCgZqnQAHAmn+EpQOFAoUC1VLg/wW8/pT0wlgPdgAAAABJRU5ErkJggg=='),(2,'2024-11-09 02:49:38.792','2024-11-09 02:49:38.792',NULL,'James Kamau','R',0,0,1,NULL),(3,'2024-11-09 02:49:38.792','2024-11-13 08:00:58.407',NULL,'Dennis Murimi','R',0,1,2,NULL),(4,'2024-11-09 02:49:38.792','2024-11-09 02:49:38.792',NULL,'Peter Lule','G',0,0,3,NULL),(5,'2024-11-09 02:49:38.792','2024-11-09 02:49:38.792',NULL,'Michael Ndung\'u','R',0,0,3,NULL),(6,'2024-11-09 02:49:38.792','2024-11-09 02:49:38.792',NULL,'Benson Mwangi','G',0,0,4,NULL),(7,'2024-11-09 02:49:38.792','2024-11-09 02:49:38.792',NULL,'James Mwangi','R',0,0,4,NULL),(8,'2024-11-09 02:49:38.792','2024-11-09 02:49:38.792',NULL,'Chrispin Ochieng\'','G',0,0,5,NULL),(9,'2024-11-09 02:49:38.792','2024-11-09 02:49:38.792',NULL,'James Kibe','R',0,0,5,NULL),(10,'2024-11-09 02:49:38.792','2024-11-09 02:49:38.792',NULL,'Emanuel Mwangi','R',0,0,5,NULL),(11,'2024-11-09 03:01:01.063','2024-11-09 03:01:01.063',NULL,'Benjamin Oyugi','R',0,0,6,NULL),(12,'2024-11-09 03:01:01.063','2024-11-09 03:01:01.063',NULL,'Benter Owuor','R',0,0,6,NULL),(13,'2024-11-09 03:01:01.063','2024-11-09 03:01:01.063',NULL,'Kennedy Ouma','G',0,0,6,NULL),(14,'2024-11-09 03:01:01.063','2024-11-09 03:01:01.063',NULL,'Maurice Ogweno','R',0,1,7,NULL),(15,'2024-11-09 03:01:01.063','2024-11-09 03:01:01.063',NULL,'Yobes Mose','G',0,0,8,NULL),(16,'2024-11-09 03:01:01.063','2024-11-09 03:01:01.063',NULL,'Jezreel Mbegera','R',0,0,8,NULL),(17,'2024-11-09 03:01:01.063','2024-11-09 03:01:01.063',NULL,'Bernard Odongo','G',0,0,9,NULL),(18,'2024-11-09 03:01:01.063','2024-11-09 03:01:01.063',NULL,'Paul Migwambo','R',0,0,9,NULL),(19,'2024-11-09 03:01:01.063','2024-11-09 03:01:01.063',NULL,'Kevin Oswere\'','G',0,0,10,NULL),(20,'2024-11-09 03:01:01.063','2024-11-09 03:01:01.063',NULL,'Asha Abibi','R',0,0,10,NULL),(21,'2024-11-09 03:11:27.855','2024-11-09 03:11:27.855',NULL,'Jeff Mudembei','G',0,0,11,NULL),(22,'2024-11-09 03:11:27.855','2024-11-09 03:11:27.855',NULL,'Allan Muhando','R',0,0,11,NULL),(23,'2024-11-09 03:11:27.855','2024-11-09 03:11:27.855',NULL,'Eugene Okello','G',0,0,12,NULL),(24,'2024-11-09 03:11:27.855','2024-11-09 03:11:27.855',NULL,'Hillary Musindi','R',0,1,12,NULL),(25,'2024-11-09 03:11:27.855','2024-11-09 03:11:27.855',NULL,'William Musumba','R',0,0,12,NULL),(26,'2024-11-09 03:11:27.855','2024-11-09 03:11:27.855',NULL,'Michael Senelwa','R',0,0,13,NULL),(27,'2024-11-09 03:11:27.855','2024-11-09 03:11:27.855',NULL,'Josephat Mayanja','G',0,0,13,NULL),(28,'2024-11-09 03:11:27.855','2024-11-09 03:11:27.855',NULL,'Dennis Simiyu','G',0,0,14,NULL),(29,'2024-11-09 03:11:27.855','2024-11-09 03:11:27.855',NULL,'Moses Kubai','R',0,0,14,NULL),(30,'2024-11-09 03:11:27.855','2024-11-09 03:11:27.855',NULL,'Kevin Oswere\'','G',0,0,15,NULL),(31,'2024-11-09 03:11:27.855','2024-11-09 03:11:27.855',NULL,'Asha Abibi','R',0,0,15,NULL),(32,'2024-11-09 03:23:16.615','2024-11-09 03:23:16.615',NULL,'David Siele','R',0,0,16,NULL),(33,'2024-11-09 03:23:16.615','2024-11-09 03:23:16.615',NULL,'Weldon Korir','G',0,0,16,NULL),(34,'2024-11-09 03:23:16.615','2024-11-09 03:23:16.615',NULL,'Alfred Kirui','G',0,0,17,NULL),(35,'2024-11-09 03:23:16.615','2024-11-09 03:23:16.615',NULL,'Remi Ruto','G',0,1,17,NULL),(36,'2024-11-09 03:23:16.615','2024-11-09 03:23:16.615',NULL,'Peter Karino','R',0,0,18,NULL),(37,'2024-11-09 03:23:16.615','2024-11-09 03:23:16.615',NULL,'Francisco Torome','G',0,0,18,NULL),(38,'2024-11-09 03:23:16.615','2024-11-09 03:23:16.615',NULL,'Joseph Thotho','G',0,0,19,NULL),(39,'2024-11-09 03:23:16.615','2024-11-09 03:23:16.615',NULL,'Ruben M\'ringo','R',0,0,19,NULL),(40,'2024-11-09 03:23:16.615','2024-11-09 03:23:16.615',NULL,'Kenneth Ruto','R',0,1,20,NULL),(41,'2024-11-09 03:23:16.615','2024-11-09 03:23:16.615',NULL,'Douglas Moonka\'','G',0,0,21,NULL),(42,'2024-11-09 03:23:16.615','2024-11-09 03:23:16.615',NULL,'Alex Musikeri','R',0,0,21,NULL),(43,'2024-11-09 03:23:16.615','2024-11-09 03:23:16.615',NULL,'Kepha Onditi\'','G',0,0,22,NULL),(44,'2024-11-09 03:23:16.615','2024-11-09 03:23:16.615',NULL,'Francis Oliele','R',0,0,22,NULL),(45,'2024-11-09 03:23:16.615','2024-11-09 03:23:16.615',NULL,'Eliakim Mbalilwa','R',0,0,22,NULL),(46,'2024-11-09 03:35:52.721','2024-11-09 03:35:52.721',NULL,'Patrick Mutai','R',0,0,23,NULL),(47,'2024-11-09 03:35:52.721','2024-11-09 03:35:52.721',NULL,'Abdulatif Korir','G',0,0,23,NULL),(48,'2024-11-09 03:35:52.721','2024-11-09 03:35:52.721',NULL,'Boaz Kibet','G',0,0,24,NULL),(49,'2024-11-09 03:35:52.721','2024-11-09 03:35:52.721',NULL,'Hosea Kiptum','R',0,1,24,NULL),(50,'2024-11-09 03:35:52.721','2024-11-09 03:35:52.721',NULL,'Francis Mayakula','R',0,0,25,NULL),(51,'2024-11-09 03:35:52.721','2024-11-09 03:35:52.721',NULL,'Isaac Munene','G',0,0,25,NULL),(52,'2024-11-09 03:35:52.721','2024-11-09 03:35:52.721',NULL,'William Lokwee','G',0,0,26,NULL),(53,'2024-11-09 03:35:52.721','2024-11-09 03:35:52.721',NULL,'David Etyang','G',0,0,26,NULL),(54,'2024-11-09 03:35:52.721','2024-11-09 03:35:52.721',NULL,'Moses Lolochum','R',0,1,27,NULL),(55,'2024-11-09 03:35:52.721','2024-11-09 03:35:52.721',NULL,'Erick Plimo\'','G',0,0,28,NULL),(56,'2024-11-09 03:35:52.721','2024-11-09 03:35:52.721',NULL,'Samson Lotian','R',0,0,28,NULL),(57,'2024-11-09 03:35:52.721','2024-11-09 03:35:52.721',NULL,'Oliver Kiptoo\'','G',0,0,29,NULL),(58,'2024-11-09 03:35:52.721','2024-11-09 03:35:52.721',NULL,'Peter Chesang','R',0,0,29,NULL),(59,'2024-11-09 03:49:46.135','2024-11-09 03:49:46.135',NULL,'Nathaniel Ndwiga','R',0,0,30,NULL),(60,'2024-11-09 03:49:46.135','2024-11-09 03:49:46.135',NULL,'Harrison Gitonga','R',0,0,30,NULL),(61,'2024-11-09 03:49:46.135','2024-11-09 03:49:46.135',NULL,'Josphat Njau','G',0,0,30,NULL),(62,'2024-11-09 03:49:46.135','2024-11-09 03:49:46.135',NULL,'Hussein Kadir','G',0,0,31,NULL),(63,'2024-11-09 03:49:46.135','2024-11-09 03:49:46.135',NULL,'Jabir Hassan','R',0,1,31,NULL),(64,'2024-11-09 03:49:46.135','2024-11-09 03:49:46.135',NULL,'Alex Muriuki','R',0,0,32,NULL),(65,'2024-11-09 03:49:46.135','2024-11-09 03:49:46.135',NULL,'Benson Gitonga','G',0,0,32,NULL),(66,'2024-11-09 03:49:46.135','2024-11-09 03:49:46.135',NULL,'Godana Roba','G',0,0,33,NULL),(67,'2024-11-09 03:49:46.135','2024-11-09 03:49:46.135',NULL,'Mohamed Nane','R',0,0,33,NULL),(68,'2024-11-09 03:49:46.135','2024-11-09 03:49:46.135',NULL,'Dancun Hibichu','R',0,1,34,NULL),(69,'2024-11-09 03:49:46.135','2024-11-09 03:49:46.135',NULL,'Josephat Kelly\'','G',0,0,35,NULL),(70,'2024-11-09 03:49:46.135','2024-11-09 03:49:46.135',NULL,'Swaleh Nguku','R',0,0,35,NULL),(71,'2024-11-09 03:49:46.135','2024-11-09 03:49:46.135',NULL,'Onesmus Muchai\'','G',0,0,36,NULL),(72,'2024-11-09 03:49:46.135','2024-11-09 03:49:46.135',NULL,'Ahmed Abdi','R',0,0,36,NULL),(73,'2024-11-09 03:49:46.135','2024-11-09 03:49:46.135',NULL,'Samwel Mwongela','R',0,1,37,NULL),(74,'2024-11-09 04:01:57.142','2024-11-09 04:01:57.142',NULL,'Abdullahi Ahmed Farah','G',0,0,38,NULL),(75,'2024-11-09 04:01:57.142','2024-11-09 04:01:57.142',NULL,'Mohamed Abdi Farah','R',0,1,38,NULL),(76,'2024-11-09 04:01:57.142','2024-11-09 04:01:57.142',NULL,'Abdinasir Mohamed Yusuf','G',0,0,39,NULL),(77,'2024-11-09 04:01:57.142','2024-11-09 04:01:57.142',NULL,'Nassir Elmi','R',0,0,39,NULL),(78,'2024-11-09 04:01:57.142','2024-11-09 04:01:57.142',NULL,'Roble Shillow Bulle','R',0,0,39,NULL),(79,'2024-11-09 04:01:57.142','2024-11-09 04:01:57.142',NULL,'Ismael','R',0,1,40,NULL),(80,'2024-11-09 04:20:36.290','2024-11-09 04:20:36.290',NULL,'Mohamed Salim Kai','G',0,0,41,NULL),(81,'2024-11-09 04:20:36.290','2024-11-09 04:20:36.290',NULL,'Dickson Angore','R',0,0,41,NULL),(82,'2024-11-09 04:20:36.290','2024-11-09 04:20:36.290',NULL,'Hamisi Mwokoja','G',0,0,42,NULL),(83,'2024-11-09 04:20:36.290','2024-11-09 04:20:36.290',NULL,'Mohamed Nyonyo','R',0,1,42,NULL),(84,'2024-11-09 04:20:36.290','2024-11-09 04:20:36.290',NULL,'Lilian Nandundu','R',0,0,43,NULL),(85,'2024-11-09 04:20:36.290','2024-11-09 04:20:36.290',NULL,'Salim Ali','R',0,0,43,NULL),(86,'2024-11-09 04:20:36.290','2024-11-09 04:20:36.290',NULL,'Al Amin Abdalla','G',0,0,43,NULL),(87,'2024-11-09 04:20:36.290','2024-11-09 04:20:36.290',NULL,'Said Ilu','R',0,1,44,NULL),(88,'2024-11-09 04:20:36.290','2024-11-09 04:20:36.290',NULL,'Duncan Maghanga\'','R',0,0,45,NULL),(89,'2024-11-09 04:20:36.290','2024-11-09 04:20:36.290',NULL,'Patrick Were','R',0,0,45,NULL),(90,'2024-11-09 04:20:36.290','2024-11-09 04:20:36.290',NULL,'Sultwan Mohamed','G',0,1,46,NULL),(91,'2024-11-09 04:20:36.290','2024-11-09 04:20:36.290',NULL,'Fuad Ali','R',0,1,46,NULL),(92,'2024-11-09 04:28:21.554','2024-11-09 04:28:21.554',NULL,'Isaac Ayusa','G',5,0,47,NULL),(93,'2024-11-09 04:28:21.554','2024-11-09 04:28:21.554',NULL,'Dickson Doyo','R',1,0,47,NULL),(94,'2024-11-09 04:28:21.554','2024-11-09 04:28:21.554',NULL,'Benard Omondi','G',5,0,48,NULL),(95,'2024-11-09 04:28:21.554','2024-11-09 04:28:21.554',NULL,'Caleb Ayodi','R',0,0,48,NULL),(96,'2024-11-09 04:28:21.554','2024-11-13 07:52:10.482',NULL,'Ibrahim Sebit X','R',5,0,48,NULL);
/*!40000 ALTER TABLE `candidates` ENABLE KEYS */;
UNLOCK TABLES;

--
-- Table structure for table `counties`
--

DROP TABLE IF EXISTS `counties`;
/*!40101 SET @saved_cs_client     = @@character_set_client */;
/*!50503 SET character_set_client = utf8mb4 */;
CREATE TABLE `counties` (
  `id` bigint unsigned NOT NULL AUTO_INCREMENT,
  `created_at` datetime(3) DEFAULT NULL,
  `updated_at` datetime(3) DEFAULT NULL,
  `deleted_at` datetime(3) DEFAULT NULL,
  `name` longtext,
  `region_id` bigint unsigned DEFAULT NULL,
  `voting_form` longtext,
  PRIMARY KEY (`id`),
  KEY `idx_counties_deleted_at` (`deleted_at`),
  KEY `fk_regions_counties` (`region_id`),
  CONSTRAINT `fk_regions_counties` FOREIGN KEY (`region_id`) REFERENCES `regions` (`id`)
) ENGINE=InnoDB AUTO_INCREMENT=49 DEFAULT CHARSET=utf8mb4 COLLATE=utf8mb4_0900_ai_ci;
/*!40101 SET character_set_client = @saved_cs_client */;

--
-- Dumping data for table `counties`
--

LOCK TABLES `counties` WRITE;
/*!40000 ALTER TABLE `counties` DISABLE KEYS */;
INSERT INTO `counties` VALUES (1,'2024-11-09 02:49:38.706','2024-11-09 02:49:38.706',NULL,'Kiambu',1,NULL),(2,'2024-11-09 02:49:38.706','2024-11-09 02:49:38.706',NULL,'Kirinyaga',1,NULL),(3,'2024-11-09 02:49:38.706','2024-11-09 02:49:38.706',NULL,'Laikipia',1,NULL),(4,'2024-11-09 02:49:38.706','2024-11-09 02:49:38.706',NULL,'Murang\'a',1,NULL),(5,'2024-11-09 02:49:38.706','2024-11-09 02:49:38.706',NULL,'Nyeri',1,NULL),(6,'2024-11-09 03:01:01.053','2024-11-09 03:01:01.053',NULL,'Kisumu',2,NULL),(7,'2024-11-09 03:01:01.053','2024-11-09 03:01:01.053',NULL,'Homabay',2,NULL),(8,'2024-11-09 03:01:01.053','2024-11-09 03:01:01.053',NULL,'Kisii',2,NULL),(9,'2024-11-09 03:01:01.053','2024-11-09 03:01:01.053',NULL,'Migori',2,NULL),(10,'2024-11-09 03:01:01.053','2024-11-09 03:01:01.053',NULL,'Siaya',2,NULL),(11,'2024-11-09 03:11:27.829','2024-11-09 03:11:27.829',NULL,'Kakamega',3,NULL),(12,'2024-11-09 03:11:27.829','2024-11-09 03:11:27.829',NULL,'Busia',3,NULL),(13,'2024-11-09 03:11:27.829','2024-11-09 03:11:27.829',NULL,'Vihiga',3,NULL),(14,'2024-11-09 03:11:27.829','2024-11-09 03:11:27.829',NULL,'Bungoma',3,NULL),(15,'2024-11-09 03:11:27.829','2024-11-09 03:11:27.829',NULL,'Siaya',3,NULL),(16,'2024-11-09 03:23:16.612','2024-11-09 03:23:16.612',NULL,'Bomet',4,NULL),(17,'2024-11-09 03:23:16.612','2024-11-09 03:23:16.612',NULL,'Kericho',4,NULL),(18,'2024-11-09 03:23:16.612','2024-11-09 03:23:16.612',NULL,'Narok',4,NULL),(19,'2024-11-09 03:23:16.612','2024-11-09 03:23:16.612',NULL,'Nyandarua',4,NULL),(20,'2024-11-09 03:23:16.612','2024-11-09 03:23:16.612',NULL,'Baringo',4,NULL),(21,'2024-11-09 03:23:16.612','2024-11-09 03:23:16.612',NULL,'Kajiado',4,NULL),(22,'2024-11-09 03:23:16.612','2024-11-09 03:23:16.612',NULL,'Nakuru',4,NULL),(23,'2024-11-09 03:35:52.713','2024-11-09 03:35:52.713',NULL,'Nandi',5,NULL),(24,'2024-11-09 03:35:52.713','2024-11-09 03:35:52.713',NULL,'Elgeyo Marakwet',5,NULL),(25,'2024-11-09 03:35:52.713','2024-11-09 03:35:52.713',NULL,'Trans Nzoia',5,NULL),(26,'2024-11-09 03:35:52.713','2024-11-09 03:35:52.713',NULL,'Turkana',5,NULL),(27,'2024-11-09 03:35:52.713','2024-11-09 03:35:52.713',NULL,'Samburu',5,NULL),(28,'2024-11-09 03:35:52.713','2024-11-09 03:35:52.713',NULL,'West Pokot',5,NULL),(29,'2024-11-09 03:35:52.713','2024-11-09 03:35:52.713',NULL,'Uasin Gishu',5,NULL),(30,'2024-11-09 03:49:46.132','2024-11-09 03:49:46.132',NULL,'Embu',6,NULL),(31,'2024-11-09 03:49:46.132','2024-11-09 03:49:46.132',NULL,'Isiolo',6,NULL),(32,'2024-11-09 03:49:46.132','2024-11-09 03:49:46.132',NULL,'Meru',6,NULL),(33,'2024-11-09 03:49:46.132','2024-11-09 03:49:46.132',NULL,'Marsabit',6,NULL),(34,'2024-11-09 03:49:46.132','2024-11-09 03:49:46.132',NULL,'Tharaka Nithi',6,NULL),(35,'2024-11-09 03:49:46.132','2024-11-09 03:49:46.132',NULL,'Kitui',6,NULL),(36,'2024-11-09 03:49:46.132','2024-11-09 03:49:46.132',NULL,'Machakos',6,NULL),(37,'2024-11-09 03:49:46.132','2024-11-09 03:49:46.132',NULL,'Makueni',6,NULL),(38,'2024-11-09 04:01:57.033','2024-11-09 04:01:57.033',NULL,'Garissa',7,NULL),(39,'2024-11-09 04:01:57.033','2024-11-09 04:01:57.033',NULL,'Wajir',7,NULL),(40,'2024-11-09 04:01:57.033','2024-11-09 04:01:57.033',NULL,'Mandera',7,NULL),(41,'2024-11-09 04:20:36.285','2024-11-09 04:20:36.285',NULL,'Kilifi',8,NULL),(42,'2024-11-09 04:20:36.285','2024-11-09 04:20:36.285',NULL,'Kwale',8,NULL),(43,'2024-11-09 04:20:36.285','2024-11-09 04:20:36.285',NULL,'Mombasa',8,NULL),(44,'2024-11-09 04:20:36.285','2024-11-09 04:20:36.285',NULL,'Tana River',8,NULL),(45,'2024-11-09 04:20:36.285','2024-11-09 04:20:36.285',NULL,'Taita Taveta',8,NULL),(46,'2024-11-09 04:20:36.285','2024-11-09 04:20:36.285',NULL,'Lamu',8,NULL),(47,'2024-11-09 04:28:21.539','2024-11-09 04:28:21.539',NULL,'Nairobi East',9,NULL),(48,'2024-11-09 04:28:21.539','2024-11-09 04:28:21.539',NULL,'Nairobi West',9,NULL);
/*!40000 ALTER TABLE `counties` ENABLE KEYS */;
UNLOCK TABLES;

--
-- Table structure for table `regions`
--

DROP TABLE IF EXISTS `regions`;
/*!40101 SET @saved_cs_client     = @@character_set_client */;
/*!50503 SET character_set_client = utf8mb4 */;
CREATE TABLE `regions` (
  `id` bigint unsigned NOT NULL AUTO_INCREMENT,
  `created_at` datetime(3) DEFAULT NULL,
  `updated_at` datetime(3) DEFAULT NULL,
  `deleted_at` datetime(3) DEFAULT NULL,
  `name` longtext,
  PRIMARY KEY (`id`),
  KEY `idx_regions_deleted_at` (`deleted_at`)
) ENGINE=InnoDB AUTO_INCREMENT=10 DEFAULT CHARSET=utf8mb4 COLLATE=utf8mb4_0900_ai_ci;
/*!40101 SET character_set_client = @saved_cs_client */;

--
-- Dumping data for table `regions`
--

LOCK TABLES `regions` WRITE;
/*!40000 ALTER TABLE `regions` DISABLE KEYS */;
INSERT INTO `regions` VALUES (1,'2024-11-09 02:49:38.449','2024-11-09 02:49:38.449',NULL,'Central'),(2,'2024-11-09 03:01:00.930','2024-11-09 03:01:00.930',NULL,'Nyanza'),(3,'2024-11-09 03:11:27.798','2024-11-09 03:11:27.798',NULL,'Western'),(4,'2024-11-09 03:23:16.523','2024-11-09 03:23:16.523',NULL,'Lower Rift'),(5,'2024-11-09 03:35:52.348','2024-11-09 03:35:52.348',NULL,'Upper Rift'),(6,'2024-11-09 03:49:46.107','2024-11-09 03:49:46.107',NULL,'Eastern'),(7,'2024-11-09 04:01:56.350','2024-11-09 04:01:56.350',NULL,'North Eastern'),(8,'2024-11-09 04:20:36.249','2024-11-09 04:20:36.249',NULL,'Coast'),(9,'2024-11-09 04:28:21.093','2024-11-09 04:28:21.093',NULL,'Nairobi');
/*!40000 ALTER TABLE `regions` ENABLE KEYS */;
UNLOCK TABLES;

--
-- Table structure for table `users`
--

DROP TABLE IF EXISTS `users`;
/*!40101 SET @saved_cs_client     = @@character_set_client */;
/*!50503 SET character_set_client = utf8mb4 */;
CREATE TABLE `users` (
  `id` bigint unsigned NOT NULL AUTO_INCREMENT,
  `created_at` datetime(3) DEFAULT NULL,
  `updated_at` datetime(3) DEFAULT NULL,
  `deleted_at` datetime(3) DEFAULT NULL,
  `first_name` longtext,
  `last_name` longtext,
  `username` varchar(191) DEFAULT NULL,
  `password` longtext,
  `is_active` tinyint(1) NOT NULL DEFAULT '1',
  `is_deleted` tinyint(1) NOT NULL DEFAULT '0',
  PRIMARY KEY (`id`),
  UNIQUE KEY `uni_users_username` (`username`)
) ENGINE=InnoDB AUTO_INCREMENT=3 DEFAULT CHARSET=utf8mb4 COLLATE=utf8mb4_0900_ai_ci;
/*!40101 SET character_set_client = @saved_cs_client */;

--
-- Dumping data for table `users`
--

LOCK TABLES `users` WRITE;
/*!40000 ALTER TABLE `users` DISABLE KEYS */;
INSERT INTO `users` VALUES (1,'2024-11-09 05:51:40.901','2024-11-09 05:51:40.901',NULL,'Brian','Otieno','brian.otieno@nairobi-quantum-fusion.com','$2a$10$hte9U7aXKEyjXueRet4yfOeVJvvUdrMy942G6c7IHWMJdyEnwnYju',1,0),(2,'2024-11-09 05:52:17.685','2024-11-09 05:52:17.685',NULL,'Derick','Oluoch','derick.oluoch@nairobi-quantum-fusion.com','$2a$10$FBayKXkUESSY/N.NLedsr.4ZhNRJqLgWNrpxJDddkezpTIifFR92G',1,0);
/*!40000 ALTER TABLE `users` ENABLE KEYS */;
UNLOCK TABLES;
/*!40103 SET TIME_ZONE=@OLD_TIME_ZONE */;

/*!40101 SET SQL_MODE=@OLD_SQL_MODE */;
/*!40014 SET FOREIGN_KEY_CHECKS=@OLD_FOREIGN_KEY_CHECKS */;
/*!40014 SET UNIQUE_CHECKS=@OLD_UNIQUE_CHECKS */;
/*!40101 SET CHARACTER_SET_CLIENT=@OLD_CHARACTER_SET_CLIENT */;
/*!40101 SET CHARACTER_SET_RESULTS=@OLD_CHARACTER_SET_RESULTS */;
/*!40101 SET COLLATION_CONNECTION=@OLD_COLLATION_CONNECTION */;
/*!40111 SET SQL_NOTES=@OLD_SQL_NOTES */;

-- Dump completed on 2024-11-13 10:31:49
